Uuid,Void/Retire,Same as mappings,Fully specified name:en,Fully specified name:fr,Short name:en,Short name:fr,Description:en,Description:fr,Data class,Data type,Complex data handler,Answers,Members,Allow decimals,Units,Normal low,Normal high,Absolute low,Absolute high,_version:1,_order:1100
06393843-1790-43cd-acba-cd497300c734,,,Urology Orders,Urology Orders,Urology,Urologie,,,ConvSet,N/A,,,f6a2fd21-2c30-4354-9b7c-c5cd792f5796;76c19c5b-754d-4b2e-810d-e70115bd5fb4;163f759f-b4e9-428a-94e6-b3b32d0d55a2;5f922f68-2312-4f15-a250-cd2cd0f03418;0a51292e-cc89-412a-b15f-b09c25335afb;4a6df804-5163-49eb-9718-95c5a07d3b73;3cbd1669-2309-427f-97be-47332fe5889f;cbdb807b-2424-46e6-8d9c-6edb49ba3409;b63d1721-7a7c-4145-a894-fb95f88312e6;d1df8b82-e4a8-47b3-bfdb-7a9cfdddb696;20ff23b8-2e88-43e9-8cb2-73f619024606;7f3cdda6-fc61-4919-94fe-e8b5e4e2d232;5ced2a7b-42c2-4478-9e80-d5eab3f11e0c;25ce7a5d-6dc7-4bd2-a12a-3f39a01c3b14;fea19a91-a2ad-471e-b9ca-7869c085b1bc;e62c8971-735c-4736-b59c-f780078c3ebf;257affdc-a563-41a7-835b-15f5a5d30166;db693772-b8eb-4930-8b03-90f69a13ea32;f93c8dd2-792c-46d0-9198-c9c3a2b0026a;3f2fc969-3f84-4133-a2fb-7300df1b543c;2a2840a7-59d1-448f-a7f3-be0f5fb5ee2f;fdf99591-dc0d-4400-9cd2-3e7ea720317c;93a477b5-cd8c-4418-a27a-84853ea5537c;33b09bac-f458-4c57-8ed6-fdb04c7c9da5;880de8a3-b9c8-4885-8f6e-7d629502060b;975c8f54-ae6f-485a-a475-edb7eb5f42e8;3ecc4598-eded-43f7-9434-0cda0a11dd59;7c075857-c407-430c-8266-7d515c9fd9d4;c5f571fc-2431-414c-9b4c-c6231fd23ab7;a3a7ee6a-2cf2-4757-91ad-b39b19bd8ea7;391745dc-02d1-4dac-b6a7-bff9d3d7b9e7;9b31ad66-0c9f-4659-b79a-600a5af07642,,,,,,,,
deb250ad-89cc-4bfc-9e3f-5feb54ff4a67,,,Orthopedics and Traumatology Orders,Orthopedics and Traumatology Orders,Orthopedics and Traumatology,Orthopedie/Traumatologie,,,ConvSet,N/A,,,eb874096-70da-4fbc-a89f-c7611a5280a7;6505a44e-5405-4031-9b1a-778d36a58811;4031be8f-a52c-4cf5-bd56-91b6f91d1565;6366225b-ab78-4513-b9fa-bb6a166c4b55;97302d3e-89e2-45cc-9a98-5777c4d202a7;9c2c3ba9-5240-421e-a53f-2159f0243c79;97ccf29b-b949-462f-b4bd-95efdd3e7441;a9283050-20d3-4fc3-8172-d2c49c54f36c;32c7a6ce-b7f3-48ff-ad9c-79df4ca49360;a69d88b1-281b-4535-a431-809e4fae535c;3adfe531-3235-4c45-8661-4994c497cc38;eb6fcf84-19f0-4ed3-ac7e-1d7a772d01a9;93c675b4-d25f-484d-96fd-194d8ed98d4d;8f091125-e6cb-4204-b7be-b44737ad7bd4;12f65ae5-730d-49dc-a26f-b79ae32e9398;a587d6dc-03f3-478e-806c-a6e8ee7c2e82;ab82c53f-9065-472d-a988-e22eba553962;ed521b03-4b1d-4ea9-98c2-3251bbd50c1d;65bb48cf-001e-42f0-88a6-70a9f710cdb0;4c9bc307-2b68-4b07-97bd-b688e903c334;33c24b9e-2d07-4ab3-a59d-ef9eda3c756a;d2419d93-8b57-4ae9-9415-5b28309f46f2;cf6539fc-b1ba-435a-a1d6-17e4514ac748;7053cdb7-7094-4f4c-9c9a-7d8bce497162;99727bbd-aa6c-4525-83ff-d5f24d162b69;bc314c1f-4ab4-4f17-b0c4-269a101ce0c7;1db4e233-547e-4b9f-a36b-f12aaa3df0cf;84d1c981-63fd-474c-ae3b-931c58865c09;f8816af9-8d5c-40a3-b6df-3c3360d85d6d;810b25e2-3f10-428a-ab3c-35c36706c805;5c9279c6-21f5-47eb-8c4a-f970e642bd5e;f89632f2-b520-46f3-bd91-5b6ec21c0a5e;0d50d17d-550f-42a5-89c2-e808f566a351;54e9504d-7359-4eb7-9db2-c9f6144166a9;93ad8dce-0e09-4110-9474-47bd39781f6b;a4f61af8-4550-4144-b8b5-61c5111b12a3;62b7ed83-6a79-47c4-ac92-8a500115351f;1a20ea0e-03cc-437f-8b46-c9600c1874c4;d406065b-b1ee-4ff3-8a39-1b61c7202727;586591bb-f67e-47b8-a708-76db570f1167;a313fb09-1425-43f7-8a77-544ddaec57e7;9043dfdd-2a05-4f53-bd63-a06c07c7f111;70aef106-991e-451c-8b0e-fce2b89a1aeb;57c96d6d-921a-4e54-a920-ea8a2be52d5b;9495b189-d15d-45ee-af26-9008448ddc64;953be943-467a-4f13-95b7-f4d94873b8cb;d553d1b7-ec2b-49c9-a5f2-4d9837c935e9;a7b062c9-5c87-4af6-a68d-e6024b9ec3e8;cef36522-b321-4984-93e4-e92770326deb;f482e108-ca8d-47b4-bfde-0e4bfd44d7b7;7f3df511-2ec2-4c2b-bb6f-a10c8f1230bb;a300fd89-f424-4632-85a5-8252f260c38f;a2cdc219-dda2-472e-a377-b764a8db217a;597b981d-1ecd-44da-8203-d91b62d97d92;30847ace-cb79-4b91-be01-6c7b1f6e039f;88f40468-52ea-4c2d-a892-9297f295604c;8244f2f7-ba70-476f-9d60-92a8790d909e;410df63f-7e88-4b72-87b5-7db3462ceba1;70dc9b52-3e51-45d4-9427-9cf1f76717bb;2623bfd6-1d45-4ff3-93f5-a86e3eeb0c48;dc7ff57f-1194-4198-812a-8fc86ae1e53f;d4bd0764-6ffb-4c6c-befe-73fe1756f089;d7a853e1-d989-44d1-aff2-c77162502209;3ddd6df5-5978-448d-93c1-d13ea14f596b;c5c9d0b6-6f75-4d33-8ab9-77a78244c784;bd266d16-701b-4006-92a7-20a0fc5fe552;e31c4915-e07a-4610-9933-9eba9e1de379;49fed095-034e-40e4-96e6-488bb0f25c31;472c37d7-a8f0-42ea-9f26-f2b4f8d1a278;823802f1-3d94-486f-9da4-4ad29ce0cdcf;52223d49-f8da-4c4e-815a-a2ec6c4081e7;63b7fd70-419a-4f37-a91d-2d21592d3b79;ba79d295-36a7-4503-b8c8-7b980500f1ac;bd4d9020-9ee8-421c-8e94-bf6f944c3d00;8566ff37-280c-4814-a3db-891e6cc3dcb6;cf1cfff9-2411-4cc5-91bf-d29bcbfbb8a0;0fb9a57f-3c72-450a-9c2d-770be5c18804;ca89200d-e3eb-49a0-84fc-11c24772ea4d;f8bcd75d-4d47-46ef-b532-0f0059169c2d;a51b261a-2b48-4884-9b37-5d8bb1582be8;7fffd487-2ccd-404f-bcda-de253147dd1a;549220f7-31c5-4856-94fa-f940e982d18b;4019c19b-3f92-4951-a814-23c70fa2e198;1db45866-4cac-47cf-8e7a-1e7edab26f8b;af921c99-c046-4b3f-91fe-5914bf771f12;d2d39bd1-912b-4388-a623-de78083ac601;31dff92a-77a8-4eb0-aadd-e49146b7ba98;a1ebf702-9fe0-4e11-b941-fe2ad250cb6b;79c483e1-64d8-439d-a84a-5018f2ccbab5;6bcebcd9-affa-44f5-aea1-6399428d7c20;f9d291a7-5395-4aa2-a40d-6028b1fbf55c;7e2ce74c-f7e6-4f8c-96dd-5f5383e73f4e;b91814fd-513d-4703-bac3-08f3be68ffdf;bb8799b9-da51-456f-995e-20dd3dfe4155;c80120da-830d-4fb3-b7a2-894255875f23;9519bda1-a700-4d96-9e42-be23c25127b2;949d4bf4-04a2-4f8c-aa86-d313ad9690c3;b3f70af0-3ac2-47ac-95c4-8498de57f6a9;5f10589a-06fc-4a20-8451-56ed387ef746;7fd2d013-92eb-4010-9cad-f5a5127775dd;7f6c525b-3bc9-4f80-b71d-d944099a085b;f7311a62-156f-40a1-9232-82a2567e01d2;ea138849-91cd-41fb-9c71-7796878fc3f7;df8085bc-7d83-47e1-a39c-e11fc3d7c92b;476b2a10-635b-4e44-a7a2-028aa6c269dd;cea7d3b1-fd94-41c7-b571-ccf710216551;72071b51-5ad7-4b07-ba07-d1d6a67e44c1;ae794070-0b67-4b71-858d-c926f8158227;c0aa7197-c73d-4b37-bd72-0e50dea5186d;f2426dea-8304-49cb-820e-dfa6295b5932;4d5dd10a-59da-4b1d-ac3f-06fb139c0937;1b4360a3-da0d-4a63-9b6a-92d7b1ae14c8;7c23f3a4-19e4-4266-9c50-33bac07147ab;acc5fd6f-7cf7-4459-bfc3-d00764a0c25f;ce82da78-ac98-49a8-81c8-59977f61f3f4;0f5d7912-e2b8-4b61-a0f6-7e410a296f1b;06dbc8b1-b1a3-4953-a476-10546257eb0d;4712a737-a54d-4258-a12e-b6ee96070a56;f44618c8-d424-4b91-a41d-9cc35c044145;3bc60347-7d56-416f-a8f8-b31b8c52a3a9;bb328306-984e-44bc-82b8-4c61393373b7;43eec935-cac4-4f1c-ae70-40c145f7a34d;6f397298-636d-4a77-9ad8-4f3b812752ed;bc196611-b3ae-4eea-a2b3-7236c0ffa96a;644fd616-4517-4aa5-9f5a-9585ac9050de;be93b835-82ee-4cb2-bced-68ec4ac45811;9b6c892a-e222-4720-bff5-ab1baaa5ed3c;13d566c5-62f4-413b-88a6-95510e245810;9ca5a139-0520-4580-8e22-e856647256cd;26dbc71d-413d-4595-9c82-e582f216ad96;c8a4519d-2d22-44cf-83d0-bd6ed989aa0f;0d8d7c13-8c50-46fe-acac-243361691476;272d411d-c151-4a1f-80e5-7068aee74cb2;e41293cf-efcc-47c3-9719-b01a020dd3f9;6cad3736-7183-4b08-8477-d5f340d22768;2afcf7e7-061b-4735-8571-6bcd1bd36aae;58dcd0a7-6851-457d-9a42-5721f1c924c4;b5d7bde5-39b0-45e6-beef-859475ccb1be;c951f782-0189-4309-b89c-6a5470397f76;444696b9-ff2a-4189-a238-f41a2556f34d;a2021dbb-138d-4601-b3e4-3a371872320b;1bbdbfa5-7856-49d3-9d54-4320bf13c210;24b301cc-3ddc-4e2b-a8f3-19d53263a846;ff033096-f417-426c-9535-3efdf26be5f7;842b9004-ba76-41bc-bff6-ae7e1340f2f9;0fe32dfb-e8e2-4887-a003-bb4f100532eb;5af985d1-9466-432d-b396-7757f7d10ea0;7efbb578-5ff4-4c3c-94fa-4e0211ed1c83;ca7be3cd-0a4c-4cfd-b0e6-e7d4aa1910af;e3f4d6d1-41a8-4218-a7b2-068839d75de2;57144ec9-197e-457e-8dc0-5eb6e5d1c77d;5371cdc7-769b-4a70-a69c-a0d622475df0;3d93d0f0-6b0b-4903-82b7-2265bc72ecec;a94b76ef-01d2-4097-bf4a-1ecc10dbfa8f;91d7fea7-2a7f-435a-8fdd-fd820b94c4ad,,,,,,,,
5a710e4f-82f8-4a77-87cc-bdca445dc87e,,,ENT Orders,ENT Orders,ENT,ORL,,,ConvSet,N/A,,,9377261f-51f4-49fa-88d5-22d700ef451a;766ae395-936c-4dba-8af1-81e4337c95f7;3f0004ae-3358-44a7-99fc-d4962e814165;53a644ff-11f4-4056-b7bd-7d6de26d5ec4;d98ab98f-e4d2-4768-8ea9-0dc4cf3ce64d;eeb17000-c550-4ebc-bce6-3d8511c826b8;641adb47-4762-409c-bfb6-1459d43c69d9;ef09e691-be97-4342-9f7c-13b3d2c99c57;6521905f-f2f6-4e2b-9e60-81875b8360c0;81af7d7e-da97-476c-9608-6970fb14619f;fdc68407-9e0c-4027-8db7-195181902fcd;8471106c-fa95-4df2-b764-04d777799b21;6f1fd0cb-32cd-4d5a-a07a-00e0d8709cd2;3b95e2db-954a-4afe-93da-fdda66dc280e;d59a83ee-b5d0-45ad-b8d4-53d119b8cfa8;3c25dfeb-e488-4539-ab64-1494d77e5616;f7004b3a-2f3f-40c2-9203-fa8d24b4783b;447cd68e-fd33-407d-ac5c-24c81b992816;dd0f49ca-8001-4c72-b211-e355be8d7a8b;f81e2d32-3b72-49aa-a199-19602d1588a7;d3543e8f-1561-43be-9f96-2b1bed0d83fe;dfa04c22-bf42-4e63-9878-424af28faf1c;b8506576-7359-4adf-96f0-e5400b5087a2;777485b9-9bc5-4b84-a575-2cb08a074328;908b995d-9dcc-4356-b45c-27e66a9577a3;6b401cef-025d-4ad9-bdfd-9951941d633e;a9fa6c7b-8ed0-4906-8c84-135ac328a0b2;9c899fb8-982b-451a-b19f-a6700a555df9;8e95c1e5-b49c-4b32-8648-b6386e955e44,,,,,,,,
c3f8f226-79ca-4827-a14f-1e8691ece859,,,Materials and Procedure Orders,Materials and Procedure Orders,Materials and Procedure,Materials and Procedure,,,ConvSet,N/A,,,e354e5a6-0f74-4e69-a5d8-6fdd3ca4bcc2;7a29215f-157d-438f-9cf5-aa8e90452018;b3e11605-3977-4308-a59c-0bd28d4b2626;31cc0fa6-0fe1-4069-b751-d028d1974ea4;76b4bdd9-5e60-47ef-af8d-40cb6354d20f;4d3bbd1d-80ea-4013-b527-2e00e614ca5a;ebcae73e-8afa-43f5-9f76-5035233f622d;88c71bfc-592f-4147-acfd-adac65fac894;9e95f5f8-a0cf-4136-963a-9f3aafcc2878;5a4c17ce-8305-4ea4-baca-0db107ae5ec2;65705411-b0b0-4f5f-bdd9-aa3a7fb64a25;ab20b3e2-6502-4b36-80d5-241974bb458c;4cb8969b-1005-4e96-84bf-485aa9c7c118;6ca9d66f-fb17-4705-837e-b04269c142d8;c78f9a34-e6cc-4149-8b94-26680d375e75;ad9757f8-7419-4b4a-b563-8be18abcfad8;0165c0ef-c91b-4a1c-b4bf-dbf5cdc59ca7;1a51c1e4-af95-472f-8d35-6b00fe5b7df6;70c1cf56-28ea-468b-9f86-c47e76ae1696;a48e26fd-86de-4138-93ce-797387cfa569;665d56c4-5f8f-4778-82ea-56498e3ab8c0;97964dbf-d72e-4ada-875e-2deb1ead957e;3cb744db-4e5e-4ee5-9f1c-3175140a3ba7;87d3ea87-9870-4abf-85ed-b34395a5a535;6034281d-03ea-4b2a-8adc-621df27c972e;8f7bd871-b35d-46e7-ba15-4e144d9caf26;2dfd45f6-d5e4-4fcf-8655-f54296618542;34cab6cb-26c5-4c47-86a5-008449e37e88;a3821c14-47e2-4773-bc8c-f445ae6878a4;aebc32df-143e-4107-9e61-3c115bee8fe3;52d8117e-9292-4258-af5d-a9b4b922788d;f554ca87-d439-496f-9d4f-0c5cdba63a2d;077e61b1-a964-40a8-a5e5-0c43805492cf;73466d33-77a8-4b84-b991-23da71c7c549;48ac6c8f-5a8e-4a05-92ed-4925fd7ea35c;24b7b4ae-34a9-44ed-878f-a44500166caf;f5b7f6d6-192d-4bec-8617-729f4476b06d;9601b319-bea6-4ac3-a4fc-6b23259ad361;3ee64230-4498-4857-99ef-5a4ebc528795;f6a57ad8-21a2-4132-9ec8-c711f2193367;a5be18cb-7385-4556-ada6-7083076715b0;1beb7409-ce98-4a8b-9899-64c9a4c9ad58;6dfc6ff9-93db-47c4-81cc-d580841ded3c;ebddf624-7323-4d70-982e-67ac98722ce5;9c1de0f3-8490-4a78-a66a-cb5c1b714e88;98d6c7bc-27bd-4683-a709-d08a0a791392;064134c0-a243-4c14-85c1-2ac61ea581c9;c7997294-91d9-4826-a47f-ab424b7db45c;1391f83b-5909-481b-8c25-05f26d0b1604;2959828d-f751-4aa5-89e0-be841c040885;4c4f803d-a58d-47a6-ac6a-cdeeddfc7d1d;ca860042-8dab-4b7c-a8f9-2421b53d0438,,,,,,,,
b2ca5345-c093-4665-ad42-7a493c0e4adf,,,Wounds Orders,Wounds Orders,Wounds,Plaies et Lacerations,,,ConvSet,N/A,,,799a3a6a-13c7-48cb-bb9d-4f88ef88bb3d;53867e4b-0302-473c-81e8-d4c66f127552;12c4f274-1e0d-4935-a9e6-071db8bda75c;f5043ff3-98bd-476f-be9d-eccdf94a7c9e,,,,,,,,
6114ad1c-e46a-478b-9629-04a2f178153c,,,Wound Dressing With Anesthesia Orders,Wound Dressing With Anesthesia Orders,Wound Dressing With Anesthesia,Pansement sous Anesthesie Generale,,,ConvSet,N/A,,,b60c5bd7-2856-4e34-aeb4-46c2ba0b2455;fdab607a-65e6-4cde-8a4a-cc97ba0eb63a;b9fa88ca-38e1-4c8e-8757-4d1437346ba4;57c82de8-fbd9-472f-bb81-298e3c760bd4;d7470b17-5471-4e7f-b125-2cf45d746ce2;7b2b3608-3722-49b4-bdf3-c744c5b31df8;d1fc1d0d-9286-4080-97aa-76fd633fd0e5;2c771270-4a5e-4c7a-ba4c-df85afc7ebbc;6c1387a7-76b2-4f94-99b5-ce8ed81b7b4b;2e2ad3d8-7433-4bcf-8a3d-6182b0ff019e,,,,,,,,
b55d10ca-afa0-42c8-9c37-0d65ea0152b6,,,Wound Dressing No Anesthesia Orders,Wound Dressing No Anesthesia Orders,Wound Dressing Without Anesthesia,Pansement sans Anesthesie,,,ConvSet,N/A,,,3cef2071-48a2-4b16-a787-5f132139771f;7d2f5b5f-2d10-4af3-9581-5bb5690ffe59;8ba1e204-507a-498f-986f-3c454fa82018;8b12c191-639b-4a91-99ec-846021474859;315605f7-7a7b-4f85-b6d3-55a9fd5acd65;fb5f4a69-f209-442f-8f5e-ac88a1f87daa;03c6fdc2-b80b-44f5-9727-88a0220bcf14;74d5797d-b5c7-48a8-ac0f-b16cd1faae39;ba5f9e00-eab3-470b-8385-6844e9b47414;5564bebe-6655-482c-80b1-a8bd4d504b71,,,,,,,,
234577ba-48ea-4574-bfb9-a60b20b0326f,,,General Surgery Orders,General Surgery Orders,General Surgery,Chirurge Generale,,,ConvSet,N/A,,,a37a10c5-b5e6-48bf-9b54-dec61c6bb228;06a9ab43-e0d3-4ca3-85f5-f276437e44d5;ca7dc7a0-0fcf-45e4-99a8-a4060b3df2f2;b30a14d3-de78-4ccb-b6d9-26028a9474e0;e646c4ac-61c6-4e28-8ef0-fc9e300fd356;ff24865a-3b1c-4535-a237-a9d1c5446766;48dedfe4-096b-4167-9a9f-0601479f8bea;74d18eb5-8cc8-47f2-86f2-acd90e0ccc83;c75be2cb-a405-455f-a95e-0389763dcc2d;01af89db-d57c-4a6f-8454-8a8d5b7079e8;fdfc9fc4-d988-4f0f-82cb-4e9ca87feb96;3adc220d-6c23-466e-8099-d1523f619cd7;5b956ec1-6fc7-478e-9107-78d6bb8ea6a8;89896dd2-365e-412e-b31c-161651280e56;31eb5bcb-8f1e-47c1-9398-19afc1cde3e2;dfebef8b-9155-4a41-ac5e-7c2db4f012d3;b555bd2e-d6f2-4960-bec7-6e02f91b39ff;f07b575e-2314-4ef7-8fb4-c8b2a946af20;e71c7f87-f6ee-4ed0-b62a-566f2675f26b;4b64133e-a2ed-4081-ab4c-33a78ac4def3;6f086c18-9f6f-455a-a728-6545da7edd9b;1cf66462-effe-442f-964e-abc07769ba1c;cf2f07c4-3472-488b-a9f8-31fea2602782;c563f23f-f198-4c4e-977e-156398987b57;d0d544d4-9e44-4729-903f-0b96d3b6b0b6;a6325c0b-ca20-43c7-8af5-4513ad367a89;b9106e1a-a318-4642-b221-d3edf8811dd4;4426413f-6fc6-4476-bdec-4de7a9760113;db0947a5-683f-4210-a8b0-fdcfeabbb2cb;bdedc945-2ae3-4a99-a7ec-dd4a11c1bc4c;031cf01d-3c6b-408b-98c4-06d998a1fecd;382240e7-2790-488f-b707-e9e86ce3ddbb;d8c740f1-f613-41db-b72d-60a2cce1db5b;c95238bf-0bbb-4f21-adf5-90dfe7453e82;9c00f14c-1cec-494a-8ae2-2e6e9f10b881;8350f01e-884c-4513-a290-54484658d14f;5f5d2fa7-80bd-448b-abc4-e7e971b2851d;d49a6d2a-cc2e-4828-b864-328b2b6dbd6f;79f29d2d-1822-4231-99b6-1d2d47f85dd1;3b4ed5bf-e967-4db2-aca2-27152c43628c;31d0bb43-88f4-4e1c-ba13-b7b7319ee74b;d0de8250-bc78-4440-9eb7-9a599872da6c;d8c485a0-a2ad-4801-8af0-10e0af9c857b;4f9570da-5ed1-4ff7-956c-357c63ff379a;ba0e6fb2-8ed1-4329-826f-09cbf9eff59f;e91eb72a-5190-4818-8a93-c8f8d8fb429c;59e097ce-db6c-4c2b-9c1a-066ba525e796;ad8dbe0a-6629-469e-a6cb-1dc9b9bcef63;9ef2aecb-cfe4-4af1-9ecb-21c2a37fac74;0a68eef3-2894-4b26-9a18-a922e5fe26c2;927bedd7-5ef4-478e-9fe7-7ce17a636aef;86dd5c5a-e3ac-44f0-b24f-01a215522118;83a46f7a-1317-4c0f-aa58-d518ed1aebe2;050aad59-4674-4804-88d4-c5d572233ba5;768863a3-efe0-4554-8e9e-6615ecb7f51b;8fccddbc-62f8-4b1f-98ee-4433391ccd66;918b51bf-dab3-4b7a-a413-486dbdefcdcb;2a82cdc2-3a7a-47a4-a192-9c1294e6ce81;8f720b9d-8b4d-4868-bb49-92ac2d2c59e2;683639b3-7972-451a-b995-7db24c77ca3d;3a52dc56-87e1-4473-ae17-21673f645751;055113b9-6763-4bb2-bedc-08b542dde53a;b767429c-8d5e-4cf2-a4e5-a25add81d78f;1dade6e6-fbcc-425a-ae2b-6a33fbb0321d;63e0de56-5bc4-4cc2-853c-730b0935fc7d;c77a4532-2329-4d05-a16a-fc39f1ad898c;7ae859e8-8ad2-4cc0-9a38-4fe7160b0b88;5c35ffa9-3751-4e27-b4d6-4e0f8d1f8c46;11552a69-f641-4c92-ab5b-b1256f919989;0128ed2a-aa82-4f8e-ad3d-a26e1764bd99;7eefedbb-1085-451c-a578-0a0a9ae9d40f;8c6bcc4d-2932-4717-b277-947e411cf315;a1e4a707-2de5-45cc-b548-1b86bae4423c;ceaf7353-f2ea-4daf-a7e6-69f24ca0f43c;237a4537-ce79-4672-9328-3889e8745167;52653d4f-c8cc-4c5e-9531-e3747da9c5d4;19ac3557-3b36-4465-879c-1b8d50dead39;9c4e3715-0c6e-4df0-abdd-98da3ff62ca4;683abf72-f9d2-48a4-9adb-9b885123ff04;669abc10-ed6b-4343-b3fd-845283170846;d28a08aa-30e4-4e08-8a4d-392359d94bd2;770a6c49-260a-48bc-8825-48c82c9c3854;3b81f57a-2758-4253-82ce-fe643af633d9;99431313-22cd-4e48-8f3e-21bcd5055d10;9b113d30-00ac-45e1-bee9-098b9d542497;b8c762b0-257f-4e9d-b1d8-6653be501cf7;12eda9fe-b44a-48e9-b6be-49f85bddffa5;a4bc5514-9e7b-4a92-a165-b64de5e30d79;cc52f3af-a706-43ba-bf62-72fc7fa98f2d;9acea618-3b5a-49c9-b032-143c032661e0;b1d66eac-7de1-4264-974e-28f48b194279;2467e748-7e5f-47b9-8e20-2cbc303258b3;ba9e6301-e371-4590-869a-c534d494c8d1;72fda838-1017-494e-b447-735da261dd97;772588da-bc8a-4e9a-8695-b84155a2c8c5;3fe50f8b-d97f-4834-8ad6-206753c984c7;7eb72443-4679-4df2-8078-1e15b5c594f8;4fc9f2f7-f2df-4f90-b18e-9dccd37f82c3;84bf1003-2f6d-41f5-b8ca-df75c4b1b5f9,,,,,,,,
b3e1c891-0fe6-4801-829a-12acf45fb41e,,,Plastic Surgery Orders,Plastic Surgery Orders,Plastic Surgery,Chirurge Plastique,,,ConvSet,N/A,,,80ed3b50-0116-4eef-b55a-be234ab44478;229c5e7d-00b4-4de5-a754-9da64bac9099;4db771df-22bf-46e2-afb6-2f7b78a567bf;e2e535b9-637d-4ba1-90db-a18c8a786d4e;c82b7334-099d-4199-bce1-ffe156887efd;598b4e67-b605-45c9-9bf5-1877cf21211b;e7008425-9ac2-47d1-84d7-5ec0de8f0d9f;ab74e533-9e8d-467b-a329-3c42730275bc;4de2d738-dfe8-4fe8-a6d9-4401eba8c534;321408b0-2d73-4c8d-86df-14920395967c;006a3b54-7d55-415d-868d-493aab21cdf8;8876184d-ac8c-4a24-a659-76e94ca339db;931112b7-714c-404e-8d42-dd4fdc6c7214;975111ff-d4b6-4a34-ae61-a5e738dcb39d;3c0bc91e-4e5b-446f-b20d-c5656f96870b;5a10c48c-6b84-4ad1-87ec-e8e902f18ab9;93485053-fe58-44f6-b95d-d8bbf6c26ff6,,,,,,,,
106a2496-8836-4792-b1da-03a97ca830b0,,,Maxillofacial Orders,Maxillofacial Orders,Maxillofacial,Maxillo-Facial,,,ConvSet,N/A,,,718f246c-add5-469e-abf1-38a4088a290a;5a3459bb-5e97-487c-abcd-60c5170d24aa;8da72e40-0713-4996-8142-998543264b9d;ab404219-1963-4041-bffb-2d609409523d;926e6279-8e93-4ea3-9277-f74dc2c60eaa;133d27f6-3510-44cb-869a-4a5215c058ff;76f2224e-bdcc-43ce-9896-d9358ceea341;7941561b-c719-43f8-bee6-ba40a8ae0f2c;a470ffc0-4639-495a-acbf-d185d89c8f38;e6dff466-84c2-4b09-bcb0-edc20e00cca9;a99108be-b376-4646-81f9-06cb274ccb21,,,,,,,,
63c89993-6f4d-47fe-8310-e2f5a866ddec,,,Obsterics and Gynecology Orders,Obsterics and Gynecology Orders,Obsterics and Gynecology,Obstetrie/Gyneco,,,ConvSet,N/A,,,bfbabb37-c7b7-4577-9e4a-5dea413d5694;5988a452-e945-4261-acbc-e039bcd095b3;6232db80-2575-4bf5-9560-19b2587217bf;3a7e96d2-db84-4b09-86e9-adf9128d4aa0;76147019-540f-4e05-81a2-3fd176417331;55571698-9722-4c57-bb6c-b4c8369fa3ad;8e8abf4e-1199-410c-8d79-d51b38a872d4;af0349b6-686e-4b7f-a151-167df0295c81;665c4027-021c-4397-b65e-66b0733a993f;8a5a7f03-3ab7-405e-aed2-b7d4fe300670;ffe2449e-b66b-42de-b1bc-86040fef73ae;773c2ab1-c9c1-4876-bb17-36e763209ce2;5eb48539-7d52-4609-95a9-e8edae2773ba;5e0e50bc-9364-4e9f-a28a-1f97f2917bbc;361d4a11-ca9f-4830-acb5-fb959c1b4b80;185cc2f1-7eae-4deb-9851-31be4b94daa0;61e562b8-4c84-4116-b325-1a4fa0ab64a1;94339316-690b-47e0-8e09-c0198d3e1e37;52729d23-a532-42c5-af9c-7c4fafa5df24;6e665070-8fd6-42cf-af2f-13ed6ab27abf;d02d63ba-6431-4ab0-8d20-3bee88fdaf36;6859c6e0-2a91-4190-844d-d40737e0ca3a;e964f3b1-2799-4f4c-a63a-6815f0be74f1;eb09ef62-c658-441d-8410-81109d70b9be;163df084-f674-44bc-8634-6bc051c21da7;64a35de2-1d8f-4c5a-81e1-9ad6b2ff040e;63c35e69-9ce6-41c3-ba0d-cdff67175edb;85fedea4-6b8c-4e5b-a701-8c6553b33468;cafc67a9-2f2a-498d-a79c-265d972c82bf;70ed8828-d53c-4078-9190-675e8b0e4587;e2f49bb3-3f01-4dc8-b4e3-4c5525ec0743;e6841b5f-74c5-46ff-9822-13ae3becd127;8a9abcf2-77fd-4964-a7fd-a7f2b4d5606f;db1e0d1b-faed-4383-97db-ab54bc483758;028f475f-657d-4a48-9a4e-37d33867b3db;d79e6c23-8518-499c-92ba-79feac42d8f7;b30cd7da-da89-41b4-a099-cf42a54e6438;f4d5e4cc-76f1-400a-95d8-bfab6674f2e6;e21ab1eb-e269-47d2-8f15-c04a7864a561;f0f22d75-b5c3-4447-83e0-fddf48727dbd;b374105c-4777-46b3-9af4-78e598582d74;375fa19b-61d2-4d57-b353-2bcd4346d661;295d7076-a6af-4ce8-8bef-e39616a5f87d;119a6814-298a-407c-9c32-2a438a90360c;d7f8d16f-29f1-4c3a-95bd-64dd3201c75a;89cb4e88-9a81-40fb-a82d-3da6dbe00cc4;b067bdf1-0b01-480b-a903-6b83f64448f1;c94b4d7f-ded9-4e69-b718-1f1b50fc7247;e5543ee9-f205-4f74-8e64-80258e71266c,,,,,,,,
acc2fb62-567c-4771-8982-4503c36e4aa2,,,Ophtalmology Orders,Ophtalmology Orders,Ophtalmology,Ophtalmologie,,,ConvSet,N/A,,,a8855f0e-7496-4c2b-8ce1-a5252cd09c5c;e0d71b2e-f47b-4799-8e7b-2278749f2619;d2f43828-2a52-4404-b58b-16d36e8ebd7e;4df1905e-1597-4f75-aa74-e9eb46bde7bd;ec739b82-3e0d-430d-8bd5-8a53b6aa50f0;32937ed3-d874-4cf1-9bb8-d61c51dfffa0;ea4135d7-19c5-4221-a269-782c8b44d8e6;3ba6e232-c584-4c07-b229-e98e32f29b2f;4309907d-3090-4251-9896-13ca2f3266dd;57a005b8-c23b-4ee0-9099-8019796b6eeb;8f2c0419-e4a2-43c4-b4a2-4e153c0ffd3b;207a41c3-5a29-46f7-8bce-8dd9a72d90b8;55236fd7-f059-4608-a6cb-4801a0a834c2;4f98f50f-36a4-455d-83df-7265ae7e0814;e3703746-0e4a-4c29-aeb1-f2e536f27cf7;8d226514-a8c5-4fc4-96c1-51774079ca47;5d94a966-1691-44a0-bf06-b48860ffb758;6a54a9bd-6d00-47b8-953f-bd79ac63b87e;450ce173-ea9e-4aa9-b2dc-d8070237c1a4;1f450fae-2340-4d30-89bc-73ab5a139b67;4d6f2d17-debf-45d6-815b-b3c13f06d7cd;3564b9b5-39eb-4025-ba8f-d05ac5773cdb,,,,,,,,
f79cf1ec-2acc-492d-b3a3-8f3ee242ab2d,,,General Radiology,General Radiology,Radiology,Radiologie,,,ConvSet,N/A,,,8e951835-a64d-4639-a9f3-b3f12a398047;3373dc3c-c7db-4ceb-980c-765f92e85c43;d6a9aa22-f74d-49dd-aa17-bfdc8eff1352;a2797459-1a1b-4077-9a6c-7fb60b3ff3f4;cf4634b1-f8e9-40e8-9a49-764a4b6f6676;9d67fa5b-2542-4fd5-bae4-fc1492aa02ae;15370e47-f58f-42b1-9b35-2fdc288ed1dc;c7ac37f0-46b4-439a-b8a5-fa89aca67902;d3bd752d-86b9-46c2-bf23-1a7071a69ea1;838aa5c7-e589-444a-b3c6-b4c9ad5f9117;bb309696-687a-45a1-964d-bf4dd83d2cb0;fb074eab-ce2c-477a-8194-3d9a3075e1c8;31227b54-791a-4942-a4fb-18eec7b84caf;7b7a73f7-15bb-40ff-bff9-64a1ecf324be;b41c90d9-8901-454a-9f1b-239d4c6010bb;cc7ee3ba-8386-4f29-ac9e-d50e91603382;6e0faed3-e29c-4e39-8b20-e3331e22c0a5;93cba1d0-5fff-44a1-9c23-fcf430cc6d92;d63d5690-b180-4001-8367-dfd78c6c5b30;b45815fe-97a2-4b74-bb70-18fccf46577e;c95e3b1f-e4b6-42da-98d5-9f11763db05c;9d8ac3c7-4ca3-4493-9adf-429955d4f2d0;86d68691-5711-491a-9172-fd0816de4880;445c3a7c-2684-433c-a3c4-75f3d47c6387;4d1e3ad4-a5bb-4abd-b7b5-36a47cd59658;0b15b116-0709-4c70-aca6-e7b64a7d9b79;85ed2353-5379-45be-ac27-ac7b82e74c0a;d107afc9-6a61-401a-9574-daadb7a8020c;f77e9735-6cea-4760-9ced-f76dc664bbc7;9477ff2e-02dd-4203-9ace-8fc38c3d3692;c266ac5a-a019-41fe-89b8-c9b0d8b1530f;1fbe6199-069a-4d2d-a979-7dca5ecf9908;6d393221-a82a-4674-b9be-73224eb98867;dd4b4f82-5f07-4fb2-8ee7-2602d413cefc;d9865b2b-7abd-4627-9fad-0e08ca0f290f;4f851123-73d9-4dfc-90e2-5b49fd558c6b;b8ce2e8b-0d20-4664-90b2-ee60ed164983;e389bcbb-807c-483d-9191-d39fc9de10d6;4debe30e-1ab9-456d-8294-356b0182321b;c654e09e-62d2-4754-9a0c-62d5d7240164;9212685d-a475-45ce-9aa1-2d95c6c11fed;6e3d4a12-333b-4bab-b08a-3ae35c528aee;b3a57d08-e986-4dc5-8de1-8c329cd0ad39;a35e3227-cd58-48b7-b023-4c9a5bc54587;4a0812b2-eb70-4ece-a11c-2e289ecb7db0;d60eb339-2d75-4fb7-b64b-8f1969ad5c4c;acd32f87-e994-4e16-b4fb-ec31c2d37622;fe238ad9-4008-46b8-9254-6a3ad68d483b;f50c9e0d-4deb-4e91-a3ce-30f49a407000;d9b295fc-af14-4547-af39-ba1c80918dac;48001634-8922-4caf-8539-59f5b16b3bbd;886a17f3-1fe5-48b4-a865-8cb14e40583c;d83efa3d-0d52-40e3-88f5-ecdd4d2162e0;2e62356d-4458-4e71-9fd8-d51c2d2fe2f9,,,,,,,,
8f0d3f00-6033-4792-982c-b0747f773b28,,,Admission Orders,Admission Orders,Admission,Admission,,,ConvSet,N/A,,,5024f465-3b7c-477c-baf1-cfbe5a9507a1;61d073e5-c794-431e-91ae-8d6aa53a6d93;e1ce77e7-18de-4da4-b63b-5e9b96eb6bb6;f0ae601c-bee9-4d0c-8189-7c0e7da73108;e3324f1d-3d7a-4a9c-8091-a3b215de8683;8f64058c-3460-4638-8a7a-fda268984ce2,,,,,,,,
9fda8b71-ad6b-43f0-aa76-3e604346479d,,,Consultation Orders,Consultation Orders,Consultation,Consultation,,,ConvSet,N/A,,,1a017ec6-3b32-4360-b1af-3e24fa8035b0;2e01fc73-0f15-4896-a60a-de680316f0c1;743e1976-2c7d-4d59-a35d-be72ba6b2478;fac5f9d8-8947-4ad1-97d1-8aafde11e226;e67ed0f7-486e-44a0-84a8-530fead30d30;b48c6d6c-0a84-4b6c-b728-af46ca8ad10c;df2df8ef-6d62-4038-bce3-ed1080c2b7ac;0c4edcfc-b7a3-4e8f-ac0f-eff8d9a69872;1fa10221-9c6d-47c4-ae6f-552b7b421ae7;af9e7953-8b16-4b5b-8a91-0be1c1dc0453;fb4238de-e5b0-4b66-b412-28c4113ec357;9ecf8126-8b2d-4414-a3b1-98e92e428bd8;2c6e8060-5403-4ffb-a6f5-7a9aac3bbbaf;3917ada0-5698-4756-8a59-e909fbac9a0b;39093657-4441-4976-bbab-2d910cb7443e,,,,,,,,
20d33d05-e67c-47e0-aa15-8a911749aa5c,,,Radiology Orders,Radiology Orders,Radiology,Radiologie,,,ConvSet,N/A,,,f79cf1ec-2acc-492d-b3a3-8f3ee242ab2d,,,,,,,,
43cc229d-67c2-46b9-814b-6c24a6df87ac,,,Odontologie Orders,Odontologie Orders,Odontologie Orders,Odontologie Orders,,,ConvSet,N/A,,,43cc229d-67c2-46b9-814b-6c24a6df87ac;ebb79c2a-34bd-4f26-a667-24cfc953603a;bd51e00d-95b7-4003-9152-98f0120df4da;3779d078-f897-4144-b608-83e5c8279d4e;a0d101bf-96e4-4925-a969-1848b49e6f14;c47c0d66-9285-412d-9f0c-ca9442342500;57eb21e5-e4c9-4672-8017-e640154bcefc;4d6a7e4a-e893-48f8-828c-3624cadc6e33;b767a14b-59ae-4a2b-8b0b-80dba28a12ac;43b84cb6-9176-4902-afc8-6cb60773508b;a4d39ed5-23bc-403d-9f76-66a9291c2173;b3a9d1e3-fc5e-45a2-8d33-f78395c42034;930d856f-fdb0-423e-bf65-4aba8c06a941,,,,,,,,
18aec84b-0777-45a5-808d-26b7ab7de326,,,All Surgery Orders,All Surgery Orders,Surgery,Chirurgie,,,ConvSet,N/A,,,234577ba-48ea-4574-bfb9-a60b20b0326f;b3e1c891-0fe6-4801-829a-12acf45fb41e,,,,,,,,
ed7fea2a-4d0b-4bf5-82b1-db6d754532e0,,,All ENT Orders,All ENT Orders,ENT,ORL,,,ConvSet,N/A,,,5a710e4f-82f8-4a77-87cc-bdca445dc87e,,,,,,,,
8ec3aeb8-c688-45d0-957a-109c61e20011,,,All Urology Orders,All Urology Orders,Urology,Urologie,,,ConvSet,N/A,,,06393843-1790-43cd-acba-cd497300c734,,,,,,,,
d3ad2fb5-a0b0-4dda-8a71-ffa97db61efa,,,All Wounds Orders,All Wounds Orders,Wounds,Plaies et Lacerations,,,ConvSet,N/A,,,b2ca5345-c093-4665-ad42-7a493c0e4adf;6114ad1c-e46a-478b-9629-04a2f178153c;b55d10ca-afa0-42c8-9c37-0d65ea0152b6,,,,,,,,
8937071e-73fc-4dc1-9aaa-88a047ef1267,,,All Materials and Procedure Orders,All Materials and Procedure Orders,Materials and Procedure,Materials and Procedure,,,ConvSet,N/A,,,c3f8f226-79ca-4827-a14f-1e8691ece859,,,,,,,,
97152271-8f04-4101-8979-c5cc7cc85a2c,,,All Orthopedics and Traumatology Orders,All Orthopedics and Traumatology Orders,Orthopedics and Traumatology,Orthopedie/Traumatologie,,,ConvSet,N/A,,,deb250ad-89cc-4bfc-9e3f-5feb54ff4a67,,,,,,,,
0e887530-31ca-4f60-add4-22e84e4d4f04,,,All Ophtalmology Orders,All Ophtalmology Orders,Ophtalmology,Ophtalmologie,,,ConvSet,N/A,,,acc2fb62-567c-4771-8982-4503c36e4aa2,,,,,,,,
ee6ff409-fb2c-41a0-805a-1e30d06a40d0,,,All Maxillofacial Orders,All Maxillofacial Orders,Maxillofacial,Maxillo-Facial,,,ConvSet,N/A,,,106a2496-8836-4792-b1da-03a97ca830b0,,,,,,,,
fa9905b3-bb79-4e8c-845e-68938cc00421,,,All Obsterics and Gynecology Orders,All Obsterics and Gynecology Orders,Obsterics and Gynecology,Obstetrie/Gyneco,,,ConvSet,N/A,,,63c89993-6f4d-47fe-8310-e2f5a866ddec,,,,,,,,
81a16692-0ebf-4b85-af9b-b508be91792a,,,All Other Orders,All Other Orders,Others,Others,,,ConvSet,N/A,,,8f0d3f00-6033-4792-982c-b0747f773b28;9fda8b71-ad6b-43f0-aa76-3e604346479d,,,,,,,,
626abfc3-adc5-45ce-9619-097208ba27d1,,,All Odontologie Orders,All Odontologie Orders,Odontologie,Odontologie,,,ConvSet,N/A,,,43cc229d-67c2-46b9-814b-6c24a6df87ac,,,,,,,,
6ca268aa-0381-4e83-8c84-38aaf2fcd102,,,All Orderables,All Orderables,All Orderables,All Orderables,,,ConvSet,N/A,,,Lab Samples;20d33d05-e67c-47e0-aa15-8a911749aa5c;43cc229d-67c2-46b9-814b-6c24a6df87ac;18aec84b-0777-45a5-808d-26b7ab7de326;ed7fea2a-4d0b-4bf5-82b1-db6d754532e0;8ec3aeb8-c688-45d0-957a-109c61e20011;d3ad2fb5-a0b0-4dda-8a71-ffa97db61efa;8937071e-73fc-4dc1-9aaa-88a047ef1267;97152271-8f04-4101-8979-c5cc7cc85a2c;0e887530-31ca-4f60-add4-22e84e4d4f04;ee6ff409-fb2c-41a0-805a-1e30d06a40d0;fa9905b3-bb79-4e8c-845e-68938cc00421;81a16692-0ebf-4b85-af9b-b508be91792a;626abfc3-adc5-45ce-9619-097208ba27d1,,,,,,,,