Uuid,Void/Retire,_order:1000
c39ed470-3f10-11e4-adec-0800271c1b75,TRUE,
c3a139d6-3f10-11e4-adec-0800271c1b75,TRUE,
c3a3028b-3f10-11e4-adec-0800271c1b75,TRUE,
c3a5122b-3f10-11e4-adec-0800271c1b75,TRUE,
c3a6ed57-3f10-11e4-adec-0800271c1b75,TRUE,
c3a8b75e-3f10-11e4-adec-0800271c1b75,TRUE,
c3aa95dc-3f10-11e4-adec-0800271c1b75,TRUE,
c3ac6f4f-3f10-11e4-adec-0800271c1b75,TRUE,
c3aec851-3f10-11e4-adec-0800271c1b75,TRUE,
c3b058cd-3f10-11e4-adec-0800271c1b75,TRUE,
c3b29625-3f10-11e4-adec-0800271c1b75,TRUE,
c3b514b9-3f10-11e4-adec-0800271c1b75,TRUE,
c3b6c746-3f10-11e4-adec-0800271c1b75,TRUE,
c3b84cca-3f10-11e4-adec-0800271c1b75,TRUE,
c3b9d054-3f10-11e4-adec-0800271c1b75,TRUE,
c3bcdeba-3f10-11e4-adec-0800271c1b75,TRUE,
c3beacc2-3f10-11e4-adec-0800271c1b75,TRUE,
c3c03f40-3f10-11e4-adec-0800271c1b75,TRUE,
c3c18d43-3f10-11e4-adec-0800271c1b75,TRUE,
c3c2d42a-3f10-11e4-adec-0800271c1b75,TRUE,
c3c46cb0-3f10-11e4-adec-0800271c1b75,TRUE,
c3c60a12-3f10-11e4-adec-0800271c1b75,TRUE,
c3c787c6-3f10-11e4-adec-0800271c1b75,TRUE,
c3c92a6d-3f10-11e4-adec-0800271c1b75,TRUE,
c3cad75e-3f10-11e4-adec-0800271c1b75,TRUE,
c3cce850-3f10-11e4-adec-0800271c1b75,TRUE,
c3ce7ee1-3f10-11e4-adec-0800271c1b75,TRUE,
c3d0072d-3f10-11e4-adec-0800271c1b75,TRUE,
c3d18b79-3f10-11e4-adec-0800271c1b75,TRUE,
c3d30eb1-3f10-11e4-adec-0800271c1b75,TRUE,
c3d4e78f-3f10-11e4-adec-0800271c1b75,TRUE,
c3d6800c-3f10-11e4-adec-0800271c1b75,TRUE,
c3d7c845-3f10-11e4-adec-0800271c1b75,TRUE,
c3d97136-3f10-11e4-adec-0800271c1b75,TRUE,
c3db4514-3f10-11e4-adec-0800271c1b75,TRUE,
c3dccb7d-3f10-11e4-adec-0800271c1b75,TRUE,
c3de80e0-3f10-11e4-adec-0800271c1b75,TRUE,
c3e0c865-3f10-11e4-adec-0800271c1b75,TRUE,
c3e218c9-3f10-11e4-adec-0800271c1b75,TRUE,
c3e3f964-3f10-11e4-adec-0800271c1b75,TRUE,
c3e5362b-3f10-11e4-adec-0800271c1b75,TRUE,
c3e66dad-3f10-11e4-adec-0800271c1b75,TRUE,
c3e777e8-3f10-11e4-adec-0800271c1b75,TRUE,
c3e8841a-3f10-11e4-adec-0800271c1b75,TRUE,
c3ea8a0e-3f10-11e4-adec-0800271c1b75,TRUE,
c3ebd804-3f10-11e4-adec-0800271c1b75,TRUE,
c3ed269d-3f10-11e4-adec-0800271c1b75,TRUE,
c3eeafc9-3f10-11e4-adec-0800271c1b75,TRUE,
c3f0315e-3f10-11e4-adec-0800271c1b75,TRUE,
c3f25c1e-3f10-11e4-adec-0800271c1b75,TRUE,
c3f38c38-3f10-11e4-adec-0800271c1b75,TRUE,
c3f5d786-3f10-11e4-adec-0800271c1b75,TRUE,
c400c1ea-3f10-11e4-adec-0800271c1b75,TRUE,
c401d630-3f10-11e4-adec-0800271c1b75,TRUE,
c402df4f-3f10-11e4-adec-0800271c1b75,TRUE,
c403d175-3f10-11e4-adec-0800271c1b75,TRUE,
c404b7c5-3f10-11e4-adec-0800271c1b75,TRUE,
c4065166-3f10-11e4-adec-0800271c1b75,TRUE,
c4075413-3f10-11e4-adec-0800271c1b75,TRUE,
c4086b26-3f10-11e4-adec-0800271c1b75,TRUE,
c4097f8b-3f10-11e4-adec-0800271c1b75,TRUE,
c40a8708-3f10-11e4-adec-0800271c1b75,TRUE,
c40b96c9-3f10-11e4-adec-0800271c1b75,TRUE,
c40cd03d-3f10-11e4-adec-0800271c1b75,TRUE,
c40de878-3f10-11e4-adec-0800271c1b75,TRUE,
c40f3387-3f10-11e4-adec-0800271c1b75,TRUE,
c4105793-3f10-11e4-adec-0800271c1b75,TRUE,
c411394f-3f10-11e4-adec-0800271c1b75,TRUE,
c4128afc-3f10-11e4-adec-0800271c1b75,TRUE,
c413aee0-3f10-11e4-adec-0800271c1b75,TRUE,
c414b488-3f10-11e4-adec-0800271c1b75,TRUE,
c4159b6e-3f10-11e4-adec-0800271c1b75,TRUE,
c416b824-3f10-11e4-adec-0800271c1b75,TRUE,
c417d906-3f10-11e4-adec-0800271c1b75,TRUE,
c4190ce8-3f10-11e4-adec-0800271c1b75,TRUE,
c41a4318-3f10-11e4-adec-0800271c1b75,TRUE,
c41b4b45-3f10-11e4-adec-0800271c1b75,TRUE,
c41c62f0-3f10-11e4-adec-0800271c1b75,TRUE,
c41de6c2-3f10-11e4-adec-0800271c1b75,TRUE,
c41f9b52-3f10-11e4-adec-0800271c1b75,TRUE,
c4208961-3f10-11e4-adec-0800271c1b75,TRUE,
c4219f57-3f10-11e4-adec-0800271c1b75,TRUE,
c422cfd8-3f10-11e4-adec-0800271c1b75,TRUE,
c423e55e-3f10-11e4-adec-0800271c1b75,TRUE,
c424eed0-3f10-11e4-adec-0800271c1b75,TRUE,
c425d233-3f10-11e4-adec-0800271c1b75,TRUE,
c426ce9d-3f10-11e4-adec-0800271c1b75,TRUE,
c427d7e5-3f10-11e4-adec-0800271c1b75,TRUE,
c428dd24-3f10-11e4-adec-0800271c1b75,TRUE,
c42a0bbe-3f10-11e4-adec-0800271c1b75,TRUE,
c42b1e07-3f10-11e4-adec-0800271c1b75,TRUE,
c42c3e79-3f10-11e4-adec-0800271c1b75,TRUE,
c42d60a4-3f10-11e4-adec-0800271c1b75,TRUE,
c42e71d7-3f10-11e4-adec-0800271c1b75,TRUE,
c42f5874-3f10-11e4-adec-0800271c1b75,TRUE,
c4306c31-3f10-11e4-adec-0800271c1b75,TRUE,
c431879d-3f10-11e4-adec-0800271c1b75,TRUE,
c432f929-3f10-11e4-adec-0800271c1b75,TRUE,
c434127e-3f10-11e4-adec-0800271c1b75,TRUE,
c4354067-3f10-11e4-adec-0800271c1b75,TRUE,
c43652a4-3f10-11e4-adec-0800271c1b75,TRUE,
c4379568-3f10-11e4-adec-0800271c1b75,TRUE,
c438f0ef-3f10-11e4-adec-0800271c1b75,TRUE,
c43a00a6-3f10-11e4-adec-0800271c1b75,TRUE,
c43b60d0-3f10-11e4-adec-0800271c1b75,TRUE,
c43c5c1e-3f10-11e4-adec-0800271c1b75,TRUE,
c43d8ac8-3f10-11e4-adec-0800271c1b75,TRUE,
c43f739e-3f10-11e4-adec-0800271c1b75,TRUE,
c44042b0-3f10-11e4-adec-0800271c1b75,TRUE,
c4412cc2-3f10-11e4-adec-0800271c1b75,TRUE,
c4421a69-3f10-11e4-adec-0800271c1b75,TRUE,
c442c4c8-3f10-11e4-adec-0800271c1b75,TRUE,
c44391ba-3f10-11e4-adec-0800271c1b75,TRUE,
c44449c4-3f10-11e4-adec-0800271c1b75,TRUE,
