<?xml version="1.0" encoding="UTF-8"?>
<package id="1" uuid="340c9fc7-0b75-42de-9515-154340ef42bc">
  <dateCreated id="2">2020-12-10 17:15:35</dateCreated>
  <name>VisitTypes</name>
  <description>Visit Types for HSC</description>
  <openmrsVersion>2.1.1 SNAPSHOT Build 3a42fe</openmrsVersion>
  <version>1</version>
  <groupUuid>a760dc98-4e32-449a-ae8d-f46e972e4342</groupUuid>
  <modules id="3">
    <entry>
      <string>calculation</string>
      <string>1.2</string>
    </entry>
    <entry>
      <string>legacyui</string>
      <string>1.3.3</string>
    </entry>
    <entry>
      <string>metadatasharing</string>
      <string>1.2.2</string>
    </entry>
    <entry>
      <string>elisatomfeedclient</string>
      <string>0.92-SNAPSHOT</string>
    </entry>
    <entry>
      <string>bedmanagement</string>
      <string>5.11.0</string>
    </entry>
    <entry>
      <string>providermanagement</string>
      <string>2.5.0</string>
    </entry>
    <entry>
      <string>exti18n</string>
      <string>1.0.0</string>
    </entry>
    <entry>
      <string>bacteriology</string>
      <string>1.2.0</string>
    </entry>
    <entry>
      <string>htmlwidgets</string>
      <string>1.8.0</string>
    </entry>
    <entry>
      <string>reference-data</string>
      <string>0.93-SNAPSHOT</string>
    </entry>
    <entry>
      <string>operationtheater</string>
      <string>1.2.1</string>
    </entry>
    <entry>
      <string>addresshierarchy</string>
      <string>2.12.0</string>
    </entry>
    <entry>
      <string>reportingrest</string>
      <string>1.10.0</string>
    </entry>
    <entry>
      <string>uiframework</string>
      <string>3.8</string>
    </entry>
    <entry>
      <string>rulesengine</string>
      <string>0.91-SNAPSHOT</string>
    </entry>
    <entry>
      <string>idgen-webservices</string>
      <string>1.3-SNAPSHOT</string>
    </entry>
    <entry>
      <string>event</string>
      <string>2.5</string>
    </entry>
    <entry>
      <string>uicommons</string>
      <string>2.3.0</string>
    </entry>
    <entry>
      <string>reporting</string>
      <string>1.16.0</string>
    </entry>
    <entry>
      <string>emrapi</string>
      <string>1.24.5</string>
    </entry>
    <entry>
      <string>episodes</string>
      <string>1.0-SNAPSHOT</string>
    </entry>
    <entry>
      <string>erp</string>
      <string>1.0.0</string>
    </entry>
    <entry>
      <string>appointments</string>
      <string>1.2.1</string>
    </entry>
    <entry>
      <string>idgen</string>
      <string>4.4.1</string>
    </entry>
    <entry>
      <string>auditlog</string>
      <string>1.1-SNAPSHOT</string>
    </entry>
    <entry>
      <string>bahmnicore</string>
      <string>0.93-SNAPSHOT</string>
    </entry>
    <entry>
      <string>uilibrary</string>
      <string>2.0.5</string>
    </entry>
    <entry>
      <string>initializer</string>
      <string>2.1.0-SNAPSHOT</string>
    </entry>
    <entry>
      <string>appframework</string>
      <string>2.10.0</string>
    </entry>
    <entry>
      <string>webservices.rest</string>
      <string>2.24.0.573609</string>
    </entry>
    <entry>
      <string>openmrs-atomfeed</string>
      <string>2.5.6</string>
    </entry>
    <entry>
      <string>owa</string>
      <string>1.9.0</string>
    </entry>
    <entry>
      <string>metadatamapping</string>
      <string>1.3.1</string>
    </entry>
    <entry>
      <string>bahmni.ie.apps</string>
      <string>1.1.0-629dc24</string>
    </entry>
    <entry>
      <string>serialization.xstream</string>
      <string>0.2.12</string>
    </entry>
  </modules>
  <items class="linked-hash-set" id="4">
    <org.openmrs.module.metadatasharing.Item id="5" uuid="1726beff-981b-4379-8ce7-9fa62b89d64a">
      <id>18</id>
      <classname>org.openmrs.VisitType</classname>
      <dateChanged id="6">2020-12-10 17:14:21</dateChanged>
      <retired>false</retired>
    </org.openmrs.module.metadatasharing.Item>
    <org.openmrs.module.metadatasharing.Item id="7" uuid="341ab080-b6a0-464d-bf19-46c20751b46a">
      <id>21</id>
      <classname>org.openmrs.VisitType</classname>
      <dateChanged id="8">2020-12-10 17:14:59</dateChanged>
      <retired>false</retired>
    </org.openmrs.module.metadatasharing.Item>
    <org.openmrs.module.metadatasharing.Item id="9" uuid="37780cd0-4a06-4661-8c3f-9cbc0d588cf2">
      <id>23</id>
      <classname>org.openmrs.VisitType</classname>
      <dateChanged id="10">2020-12-10 17:15:18</dateChanged>
      <retired>false</retired>
    </org.openmrs.module.metadatasharing.Item>
    <org.openmrs.module.metadatasharing.Item id="11" uuid="3ac2adc3-5983-44ce-a30d-ef5ac96fa22b">
      <id>4</id>
      <classname>org.openmrs.VisitType</classname>
      <dateChanged id="12">2020-12-10 17:11:21</dateChanged>
      <retired>false</retired>
    </org.openmrs.module.metadatasharing.Item>
    <org.openmrs.module.metadatasharing.Item id="13" uuid="495ff795-1c63-4afd-950f-4359758bd4b3">
      <id>7</id>
      <classname>org.openmrs.VisitType</classname>
      <dateChanged id="14">2020-12-10 17:12:02</dateChanged>
      <retired>false</retired>
    </org.openmrs.module.metadatasharing.Item>
    <org.openmrs.module.metadatasharing.Item id="15" uuid="5da46165-7c45-40ef-bfdb-476ea3864ea8">
      <id>6</id>
      <classname>org.openmrs.VisitType</classname>
      <dateChanged id="16">2020-12-10 17:11:48</dateChanged>
      <retired>false</retired>
    </org.openmrs.module.metadatasharing.Item>
    <org.openmrs.module.metadatasharing.Item id="17" uuid="7bf8ba3b-30d4-4de3-8153-8283014e6566">
      <id>9</id>
      <classname>org.openmrs.VisitType</classname>
      <dateChanged id="18">2020-12-10 17:12:28</dateChanged>
      <retired>false</retired>
    </org.openmrs.module.metadatasharing.Item>
    <org.openmrs.module.metadatasharing.Item id="19" uuid="83d7e45a-0b52-4b34-b3c9-0f472269648a">
      <id>17</id>
      <classname>org.openmrs.VisitType</classname>
      <dateChanged id="20">2020-12-10 17:14:08</dateChanged>
      <retired>false</retired>
    </org.openmrs.module.metadatasharing.Item>
    <org.openmrs.module.metadatasharing.Item id="21" uuid="89eff530-625b-4d65-9c66-09289cfe7567">
      <id>19</id>
      <classname>org.openmrs.VisitType</classname>
      <dateChanged id="22">2020-12-10 17:14:36</dateChanged>
      <retired>false</retired>
    </org.openmrs.module.metadatasharing.Item>
    <org.openmrs.module.metadatasharing.Item id="23" uuid="8a722a98-b322-44ec-a42d-249ee07621f4">
      <id>8</id>
      <classname>org.openmrs.VisitType</classname>
      <dateChanged id="24">2020-12-10 17:12:15</dateChanged>
      <retired>false</retired>
    </org.openmrs.module.metadatasharing.Item>
    <org.openmrs.module.metadatasharing.Item id="25" uuid="96e2280a-3bcb-45bd-81a4-159558719d07">
      <id>16</id>
      <classname>org.openmrs.VisitType</classname>
      <dateChanged id="26">2020-12-10 17:13:58</dateChanged>
      <retired>false</retired>
    </org.openmrs.module.metadatasharing.Item>
    <org.openmrs.module.metadatasharing.Item id="27" uuid="ad6a4dce-210a-45b0-8f3d-3333f524c4a9">
      <id>11</id>
      <classname>org.openmrs.VisitType</classname>
      <dateChanged id="28">2020-12-10 17:12:55</dateChanged>
      <retired>false</retired>
    </org.openmrs.module.metadatasharing.Item>
    <org.openmrs.module.metadatasharing.Item id="29" uuid="c7e1611a-a1b6-4cc1-b811-17fb1d7ad45f">
      <id>20</id>
      <classname>org.openmrs.VisitType</classname>
      <dateChanged id="30">2020-12-10 17:14:48</dateChanged>
      <retired>false</retired>
    </org.openmrs.module.metadatasharing.Item>
    <org.openmrs.module.metadatasharing.Item id="31" uuid="d07b01a9-1015-464d-ab2d-de3411b7cc7c">
      <id>12</id>
      <classname>org.openmrs.VisitType</classname>
      <dateChanged id="32">2020-12-10 17:13:06</dateChanged>
      <retired>false</retired>
    </org.openmrs.module.metadatasharing.Item>
    <org.openmrs.module.metadatasharing.Item id="33" uuid="d2b98609-2db4-4acc-822b-2c5323bb1006">
      <id>10</id>
      <classname>org.openmrs.VisitType</classname>
      <dateChanged id="34">2020-12-10 17:12:41</dateChanged>
      <retired>false</retired>
    </org.openmrs.module.metadatasharing.Item>
    <org.openmrs.module.metadatasharing.Item id="35" uuid="d4339adf-8b28-4614-869c-72e4f8d71e90">
      <id>13</id>
      <classname>org.openmrs.VisitType</classname>
      <dateChanged id="36">2020-12-10 17:13:18</dateChanged>
      <retired>false</retired>
    </org.openmrs.module.metadatasharing.Item>
    <org.openmrs.module.metadatasharing.Item id="37" uuid="d48d66f6-05e9-4aee-b88f-62e50e3c3c4a">
      <id>22</id>
      <classname>org.openmrs.VisitType</classname>
      <dateChanged id="38">2020-12-10 17:15:08</dateChanged>
      <retired>false</retired>
    </org.openmrs.module.metadatasharing.Item>
    <org.openmrs.module.metadatasharing.Item id="39" uuid="e80e991b-0477-4464-b980-bea73adc9e9b">
      <id>15</id>
      <classname>org.openmrs.VisitType</classname>
      <dateChanged id="40">2020-12-10 17:13:43</dateChanged>
      <retired>false</retired>
    </org.openmrs.module.metadatasharing.Item>
    <org.openmrs.module.metadatasharing.Item id="41" uuid="fb9ec4a9-5505-4d60-ab60-9025c4c96434">
      <id>5</id>
      <classname>org.openmrs.VisitType</classname>
      <dateChanged id="42">2020-12-10 17:11:35</dateChanged>
      <retired>false</retired>
    </org.openmrs.module.metadatasharing.Item>
    <org.openmrs.module.metadatasharing.Item id="43" uuid="fcfd8181-0195-4e0e-b404-0d4f3e338e14">
      <id>14</id>
      <classname>org.openmrs.VisitType</classname>
      <dateChanged id="44">2020-12-10 17:13:32</dateChanged>
      <retired>false</retired>
    </org.openmrs.module.metadatasharing.Item>
    <org.openmrs.module.metadatasharing.Item id="45" uuid="ff7385d7-3b08-11eb-b42e-0242ac19000a">
      <id>3</id>
      <classname>org.openmrs.VisitType</classname>
      <dateChanged id="46">2020-12-10 17:11:10</dateChanged>
      <retired>true</retired>
    </org.openmrs.module.metadatasharing.Item>
  </items>
  <relatedItems class="linked-hash-set" id="47"/>
</package>
