<?xml version="1.0" encoding="UTF-8"?>
<list id="1">
  <org.openmrs.VisitType id="2" uuid="1726beff-981b-4379-8ce7-9fa62b89d64a">
    <name>Pré-natale</name>
    <description>Pré-natale Visit</description>
    <creator/>
    <dateCreated id="3">2020-12-10 17:14:21</dateCreated>
    <retired>false</retired>
    <visitTypeId>18</visitTypeId>
  </org.openmrs.VisitType>
  <org.openmrs.VisitType id="4" uuid="341ab080-b6a0-464d-bf19-46c20751b46a">
    <name>Urgences</name>
    <description>Urgences Visit</description>
    <creator/>
    <dateCreated id="5">2020-12-10 17:14:59</dateCreated>
    <retired>false</retired>
    <visitTypeId>21</visitTypeId>
  </org.openmrs.VisitType>
  <org.openmrs.VisitType id="6" uuid="37780cd0-4a06-4661-8c3f-9cbc0d588cf2">
    <name>VIH</name>
    <description>VIH Visit</description>
    <creator/>
    <dateCreated id="7">2020-12-10 17:15:18</dateCreated>
    <retired>false</retired>
    <visitTypeId>23</visitTypeId>
  </org.openmrs.VisitType>
  <org.openmrs.VisitType id="8" uuid="3ac2adc3-5983-44ce-a30d-ef5ac96fa22b">
    <name>Anemie Falciforme</name>
    <description>Anemie Falciforme Visit</description>
    <creator/>
    <dateCreated id="9">2020-12-10 17:11:21</dateCreated>
    <retired>false</retired>
    <visitTypeId>4</visitTypeId>
  </org.openmrs.VisitType>
  <org.openmrs.VisitType id="10" uuid="495ff795-1c63-4afd-950f-4359758bd4b3">
    <name>Consultation Générale</name>
    <description>Consultation Générale Visit</description>
    <creator/>
    <dateCreated id="11">2020-12-10 17:12:02</dateCreated>
    <retired>false</retired>
    <visitTypeId>7</visitTypeId>
  </org.openmrs.VisitType>
  <org.openmrs.VisitType id="12" uuid="5da46165-7c45-40ef-bfdb-476ea3864ea8">
    <name>Chirurgie</name>
    <description>Chirurgie Visit</description>
    <creator/>
    <dateCreated id="13">2020-12-10 17:11:48</dateCreated>
    <retired>false</retired>
    <visitTypeId>6</visitTypeId>
  </org.openmrs.VisitType>
  <org.openmrs.VisitType id="14" uuid="7bf8ba3b-30d4-4de3-8153-8283014e6566">
    <name>Diabète</name>
    <description>Diabète Visit</description>
    <creator/>
    <dateCreated id="15">2020-12-10 17:12:28</dateCreated>
    <retired>false</retired>
    <visitTypeId>9</visitTypeId>
  </org.openmrs.VisitType>
  <org.openmrs.VisitType id="16" uuid="83d7e45a-0b52-4b34-b3c9-0f472269648a">
    <name>Physiotherapie</name>
    <description>Physiotherapie Visit</description>
    <creator/>
    <dateCreated id="17">2020-12-10 17:14:08</dateCreated>
    <retired>false</retired>
    <visitTypeId>17</visitTypeId>
  </org.openmrs.VisitType>
  <org.openmrs.VisitType id="18" uuid="89eff530-625b-4d65-9c66-09289cfe7567">
    <name>Psychiatrie</name>
    <description>Psychiatrie Visit</description>
    <creator/>
    <dateCreated id="19">2020-12-10 17:14:36</dateCreated>
    <retired>false</retired>
    <visitTypeId>19</visitTypeId>
  </org.openmrs.VisitType>
  <org.openmrs.VisitType id="20" uuid="8a722a98-b322-44ec-a42d-249ee07621f4">
    <name>Dermatologie</name>
    <description>Dermatologie Visit</description>
    <creator/>
    <dateCreated id="21">2020-12-10 17:12:15</dateCreated>
    <retired>false</retired>
    <visitTypeId>8</visitTypeId>
  </org.openmrs.VisitType>
  <org.openmrs.VisitType id="22" uuid="96e2280a-3bcb-45bd-81a4-159558719d07">
    <name>Pediatrie</name>
    <description>Pediatrie Visit</description>
    <creator/>
    <dateCreated id="23">2020-12-10 17:13:58</dateCreated>
    <retired>false</retired>
    <visitTypeId>16</visitTypeId>
  </org.openmrs.VisitType>
  <org.openmrs.VisitType id="24" uuid="ad6a4dce-210a-45b0-8f3d-3333f524c4a9">
    <name>Maxillo Faciale</name>
    <description>Maxillo Faciale Visit</description>
    <creator/>
    <dateCreated id="25">2020-12-10 17:12:55</dateCreated>
    <retired>false</retired>
    <visitTypeId>11</visitTypeId>
  </org.openmrs.VisitType>
  <org.openmrs.VisitType id="26" uuid="c7e1611a-a1b6-4cc1-b811-17fb1d7ad45f">
    <name>Tuberculose (TB)</name>
    <description>Tuberculose (TB) Visit</description>
    <creator/>
    <dateCreated id="27">2020-12-10 17:14:48</dateCreated>
    <retired>false</retired>
    <visitTypeId>20</visitTypeId>
  </org.openmrs.VisitType>
  <org.openmrs.VisitType id="28" uuid="d07b01a9-1015-464d-ab2d-de3411b7cc7c">
    <name>Odontologie</name>
    <description>Odontologie Visit</description>
    <creator/>
    <dateCreated id="29">2020-12-10 17:13:06</dateCreated>
    <retired>false</retired>
    <visitTypeId>12</visitTypeId>
  </org.openmrs.VisitType>
  <org.openmrs.VisitType id="30" uuid="d2b98609-2db4-4acc-822b-2c5323bb1006">
    <name>Gynecologie</name>
    <description>Gynecologie Visit</description>
    <creator/>
    <dateCreated id="31">2020-12-10 17:12:41</dateCreated>
    <retired>false</retired>
    <visitTypeId>10</visitTypeId>
  </org.openmrs.VisitType>
  <org.openmrs.VisitType id="32" uuid="d4339adf-8b28-4614-869c-72e4f8d71e90">
    <name>ORL</name>
    <description>ORL Visit</description>
    <creator/>
    <dateCreated id="33">2020-12-10 17:13:18</dateCreated>
    <retired>false</retired>
    <visitTypeId>13</visitTypeId>
  </org.openmrs.VisitType>
  <org.openmrs.VisitType id="34" uuid="d48d66f6-05e9-4aee-b88f-62e50e3c3c4a">
    <name>Urologie</name>
    <description>Urologie Visit</description>
    <creator/>
    <dateCreated id="35">2020-12-10 17:15:08</dateCreated>
    <retired>false</retired>
    <visitTypeId>22</visitTypeId>
  </org.openmrs.VisitType>
  <org.openmrs.VisitType id="36" uuid="e80e991b-0477-4464-b980-bea73adc9e9b">
    <name>Orthopédie</name>
    <description>Orthopédie Visit</description>
    <creator/>
    <dateCreated id="37">2020-12-10 17:13:43</dateCreated>
    <retired>false</retired>
    <visitTypeId>15</visitTypeId>
  </org.openmrs.VisitType>
  <org.openmrs.VisitType id="38" uuid="fb9ec4a9-5505-4d60-ab60-9025c4c96434">
    <name>Cardiologie</name>
    <description>Cardiologie Visit</description>
    <creator/>
    <dateCreated id="39">2020-12-10 17:11:35</dateCreated>
    <retired>false</retired>
    <visitTypeId>5</visitTypeId>
  </org.openmrs.VisitType>
  <org.openmrs.VisitType id="40" uuid="fcfd8181-0195-4e0e-b404-0d4f3e338e14">
    <name>Orthèse et Prothèse</name>
    <description>Orthèse et Prothèse Visit</description>
    <creator/>
    <dateCreated id="41">2020-12-10 17:13:32</dateCreated>
    <retired>false</retired>
    <visitTypeId>14</visitTypeId>
  </org.openmrs.VisitType>
  <org.openmrs.VisitType id="42" uuid="ff7385d7-3b08-11eb-b42e-0242ac19000a">
    <name>LAB VISIT</name>
    <description>Visits for lab visit by patient when the tests are not ordered through OpenMRS</description>
    <creator/>
    <dateCreated id="43">2020-12-10 00:00:00</dateCreated>
    <changedBy/>
    <dateChanged id="44">2020-12-10 17:11:10</dateChanged>
    <retired>true</retired>
    <dateRetired id="45">2020-12-10 17:11:10</dateRetired>
    <retiredBy/>
    <retireReason>Unnecessary</retireReason>
    <visitTypeId>3</visitTypeId>
  </org.openmrs.VisitType>
</list>
