<?xml version="1.0" encoding="UTF-8"?>
<package id="1" uuid="8ebcc3aa-dfa9-4a85-9b68-82ad1275edc7">
  <dateCreated id="2">2018-10-08 06:22:59</dateCreated>
  <name>PatientIdentifierType</name>
  <description>Patient Identifier Type</description>
  <openmrsVersion>2.1.1  Build 725db5</openmrsVersion>
  <version>1</version>
  <groupUuid>81fcd9cd-195a-41f0-84f8-5060e03c2e4d</groupUuid>
  <modules id="3">
    <entry>
      <string>calculation</string>
      <string>1.2</string>
    </entry>
    <entry>
      <string>legacyui</string>
      <string>1.3.3</string>
    </entry>
    <entry>
      <string>metadatasharing</string>
      <string>1.2.2</string>
    </entry>
    <entry>
      <string>bedmanagement</string>
      <string>5.6.0</string>
    </entry>
    <entry>
      <string>providermanagement</string>
      <string>2.5.0</string>
    </entry>
    <entry>
      <string>bacteriology</string>
      <string>1.1-SNAPSHOT</string>
    </entry>
    <entry>
      <string>htmlwidgets</string>
      <string>1.8.0</string>
    </entry>
    <entry>
      <string>reference-data</string>
      <string>0.90-SNAPSHOT</string>
    </entry>
    <entry>
      <string>addresshierarchy</string>
      <string>2.11.0</string>
    </entry>
    <entry>
      <string>uiframework</string>
      <string>3.8</string>
    </entry>
    <entry>
      <string>rulesengine</string>
      <string>0.90-SNAPSHOT</string>
    </entry>
    <entry>
      <string>idgen-webservices</string>
      <string>1.2-SNAPSHOT</string>
    </entry>
    <entry>
      <string>event</string>
      <string>2.5</string>
    </entry>
    <entry>
      <string>uicommons</string>
      <string>2.0</string>
    </entry>
    <entry>
      <string>reporting</string>
      <string>1.12.0</string>
    </entry>
    <entry>
      <string>emrapi</string>
      <string>1.23.0</string>
    </entry>
    <entry>
      <string>episodes</string>
      <string>1.0-SNAPSHOT</string>
    </entry>
    <entry>
      <string>appointments</string>
      <string>1.0-SNAPSHOT</string>
    </entry>
    <entry>
      <string>idgen</string>
      <string>4.4.1</string>
    </entry>
    <entry>
      <string>auditlog</string>
      <string>1.0-SNAPSHOT</string>
    </entry>
    <entry>
      <string>bahmnicore</string>
      <string>0.90-SNAPSHOT</string>
    </entry>
    <entry>
      <string>uilibrary</string>
      <string>2.0.5</string>
    </entry>
    <entry>
      <string>initializer</string>
      <string>1.0.2-SNAPSHOT</string>
    </entry>
    <entry>
      <string>appframework</string>
      <string>2.10.0</string>
    </entry>
    <entry>
      <string>webservices.rest</string>
      <string>2.20.0.0e371e</string>
    </entry>
    <entry>
      <string>openmrs-atomfeed</string>
      <string>2.5.6</string>
    </entry>
    <entry>
      <string>metadatamapping</string>
      <string>1.3.1</string>
    </entry>
    <entry>
      <string>bahmni.ie.apps</string>
      <string>0.90-SNAPSHOT</string>
    </entry>
    <entry>
      <string>serialization.xstream</string>
      <string>0.2.12</string>
    </entry>
  </modules>
  <items class="linked-hash-set" id="4">
    <org.openmrs.module.metadatasharing.Item id="5" uuid="0d2ac572-8de3-46c8-9976-1f78899c599f">
      <id>4</id>
      <classname>org.openmrs.PatientIdentifierType</classname>
      <dateChanged id="6">2018-10-08 04:06:14</dateChanged>
      <retired>true</retired>
    </org.openmrs.module.metadatasharing.Item>
    <org.openmrs.module.metadatasharing.Item id="7" uuid="81433852-3f10-11e4-adec-0800271c1b75">
      <id>3</id>
      <classname>org.openmrs.PatientIdentifierType</classname>
      <dateChanged id="8">2018-10-08 03:43:32</dateChanged>
      <retired>true</retired>
    </org.openmrs.module.metadatasharing.Item>
    <org.openmrs.module.metadatasharing.Item id="9" uuid="8d793bee-c2cc-11de-8d13-0010c6dffd0f">
      <id>1</id>
      <classname>org.openmrs.PatientIdentifierType</classname>
      <dateChanged id="10">2018-10-08 05:06:41</dateChanged>
      <retired>false</retired>
    </org.openmrs.module.metadatasharing.Item>
    <org.openmrs.module.metadatasharing.Item id="11" uuid="8d79403a-c2cc-11de-8d13-0010c6dffd0f">
      <id>2</id>
      <classname>org.openmrs.PatientIdentifierType</classname>
      <dateChanged id="12">2018-10-07 18:53:33</dateChanged>
      <retired>true</retired>
    </org.openmrs.module.metadatasharing.Item>
    <org.openmrs.module.metadatasharing.Item id="13" uuid="e26ca279-8f57-44a5-9ed8-8cc16e90e559">
      <id>5</id>
      <classname>org.openmrs.PatientIdentifierType</classname>
      <dateChanged id="14">2018-10-08 04:06:01</dateChanged>
      <retired>false</retired>
    </org.openmrs.module.metadatasharing.Item>
    <org.openmrs.module.metadatasharing.Item id="15" uuid="e797f826-8e8f-11e7-bb31-be2e44b06b34">
      <id>6</id>
      <classname>org.openmrs.PatientIdentifierType</classname>
      <dateChanged id="16">2018-10-08 04:07:42</dateChanged>
      <retired>false</retired>
    </org.openmrs.module.metadatasharing.Item>
  </items>
  <relatedItems class="linked-hash-set" id="17"/>
</package>
