<?xml version="1.0" encoding="UTF-8"?>
<package id="1" uuid="83473687-f34d-43cb-bf0e-20e6177b3e00">
  <dateCreated id="2">2018-10-22 13:39:50</dateCreated>
  <name>Location</name>
  <description>Locations in use at Hôpital Sacré Coeur</description>
  <openmrsVersion>2.1.1  Build 725db5</openmrsVersion>
  <version>1</version>
  <groupUuid>0d4effc0-eb0f-4547-974b-107e261506ad</groupUuid>
  <modules id="3">
    <entry>
      <string>calculation</string>
      <string>1.2</string>
    </entry>
    <entry>
      <string>legacyui</string>
      <string>1.3.3</string>
    </entry>
    <entry>
      <string>metadatasharing</string>
      <string>1.2.2</string>
    </entry>
    <entry>
      <string>bedmanagement</string>
      <string>5.8.1</string>
    </entry>
    <entry>
      <string>providermanagement</string>
      <string>2.5.0</string>
    </entry>
    <entry>
      <string>exti18n</string>
      <string>1.0.0</string>
    </entry>
    <entry>
      <string>bacteriology</string>
      <string>1.1</string>
    </entry>
    <entry>
      <string>htmlwidgets</string>
      <string>1.8.0</string>
    </entry>
    <entry>
      <string>reference-data</string>
      <string>0.91-SNAPSHOT</string>
    </entry>
    <entry>
      <string>operationtheater</string>
      <string>1.2.0</string>
    </entry>
    <entry>
      <string>addresshierarchy</string>
      <string>2.11.0</string>
    </entry>
    <entry>
      <string>reportingrest</string>
      <string>1.10.0</string>
    </entry>
    <entry>
      <string>uiframework</string>
      <string>3.8</string>
    </entry>
    <entry>
      <string>rulesengine</string>
      <string>0.91-SNAPSHOT</string>
    </entry>
    <entry>
      <string>idgen-webservices</string>
      <string>1.3-SNAPSHOT</string>
    </entry>
    <entry>
      <string>event</string>
      <string>2.5</string>
    </entry>
    <entry>
      <string>uicommons</string>
      <string>2.3.0</string>
    </entry>
    <entry>
      <string>reporting</string>
      <string>1.16.0</string>
    </entry>
    <entry>
      <string>emrapi</string>
      <string>1.24.5</string>
    </entry>
    <entry>
      <string>episodes</string>
      <string>1.0-SNAPSHOT</string>
    </entry>
    <entry>
      <string>appointments</string>
      <string>1.1-SNAPSHOT</string>
    </entry>
    <entry>
      <string>idgen</string>
      <string>4.4.1</string>
    </entry>
    <entry>
      <string>auditlog</string>
      <string>1.1-SNAPSHOT</string>
    </entry>
    <entry>
      <string>bahmnicore</string>
      <string>0.91-SNAPSHOT</string>
    </entry>
    <entry>
      <string>uilibrary</string>
      <string>2.0.5</string>
    </entry>
    <entry>
      <string>initializer</string>
      <string>1.0.1</string>
    </entry>
    <entry>
      <string>appframework</string>
      <string>2.10.0</string>
    </entry>
    <entry>
      <string>webservices.rest</string>
      <string>2.20.0.0e371e</string>
    </entry>
    <entry>
      <string>openmrs-atomfeed</string>
      <string>2.5.6</string>
    </entry>
    <entry>
      <string>owa</string>
      <string>1.9.0</string>
    </entry>
    <entry>
      <string>metadatamapping</string>
      <string>1.3.1</string>
    </entry>
    <entry>
      <string>bahmni.ie.apps</string>
      <string>0.91-SNAPSHOT</string>
    </entry>
    <entry>
      <string>serialization.xstream</string>
      <string>0.2.12</string>
    </entry>
  </modules>
  <items class="linked-hash-set" id="4">
    <org.openmrs.module.metadatasharing.Item id="5" uuid="087db4ee-e1bf-4b0a-9101-5f0a0103ce65">
      <id>31</id>
      <classname>org.openmrs.Location</classname>
      <dateChanged id="6">2018-10-22 13:29:00</dateChanged>
      <retired>false</retired>
    </org.openmrs.module.metadatasharing.Item>
    <org.openmrs.module.metadatasharing.Item id="7" uuid="12e82fbd-6eea-4bf6-bdf7-cf055bd9f2cc">
      <id>16</id>
      <classname>org.openmrs.Location</classname>
      <dateChanged id="8">2018-10-22 13:22:54</dateChanged>
      <retired>false</retired>
    </org.openmrs.module.metadatasharing.Item>
    <org.openmrs.module.metadatasharing.Item id="9" uuid="26016511-c8c1-423d-ae6a-2cb400dcedb7">
      <id>17</id>
      <classname>org.openmrs.Location</classname>
      <dateChanged id="10">2018-10-22 13:23:21</dateChanged>
      <retired>false</retired>
    </org.openmrs.module.metadatasharing.Item>
    <org.openmrs.module.metadatasharing.Item id="11" uuid="413dc66d-c73f-40cd-b69f-06e9b2e4733d">
      <id>21</id>
      <classname>org.openmrs.Location</classname>
      <dateChanged id="12">2018-10-22 13:24:52</dateChanged>
      <retired>false</retired>
    </org.openmrs.module.metadatasharing.Item>
    <org.openmrs.module.metadatasharing.Item id="13" uuid="4696e0e8-93d1-440b-9aca-ccd5a958b189">
      <id>28</id>
      <classname>org.openmrs.Location</classname>
      <dateChanged id="14">2018-10-22 13:28:16</dateChanged>
      <retired>false</retired>
    </org.openmrs.module.metadatasharing.Item>
    <org.openmrs.module.metadatasharing.Item id="15" uuid="4d8fbc43-c1e9-4b7b-9cfb-191a6c667e95">
      <id>25</id>
      <classname>org.openmrs.Location</classname>
      <dateChanged id="16">2018-10-22 13:27:12</dateChanged>
      <retired>false</retired>
    </org.openmrs.module.metadatasharing.Item>
    <org.openmrs.module.metadatasharing.Item id="17" uuid="5e449838-11e0-48d5-b1d5-c2fc2c206237">
      <id>27</id>
      <classname>org.openmrs.Location</classname>
      <dateChanged id="18">2018-10-22 13:27:44</dateChanged>
      <retired>false</retired>
    </org.openmrs.module.metadatasharing.Item>
    <org.openmrs.module.metadatasharing.Item id="19" uuid="79a45b91-8ff5-452f-b335-bd17c811b01d">
      <id>26</id>
      <classname>org.openmrs.Location</classname>
      <dateChanged id="20">2018-10-22 13:27:29</dateChanged>
      <retired>false</retired>
    </org.openmrs.module.metadatasharing.Item>
    <org.openmrs.module.metadatasharing.Item id="21" uuid="7e19cac2-4b94-4da2-a5c1-cc4cc29f32ab">
      <id>20</id>
      <classname>org.openmrs.Location</classname>
      <dateChanged id="22">2018-10-22 13:24:33</dateChanged>
      <retired>false</retired>
    </org.openmrs.module.metadatasharing.Item>
    <org.openmrs.module.metadatasharing.Item id="23" uuid="8d6c993e-c2cc-11de-8d13-0010c6dffd0f">
      <id>1</id>
      <classname>org.openmrs.Location</classname>
      <dateChanged id="24">2018-10-22 13:31:58</dateChanged>
      <retired>true</retired>
    </org.openmrs.module.metadatasharing.Item>
    <org.openmrs.module.metadatasharing.Item id="25" uuid="baf7bd38-d225-11e4-9c67-080027b662ec">
      <id>9</id>
      <classname>org.openmrs.Location</classname>
      <dateChanged id="26">2018-10-22 13:30:23</dateChanged>
      <retired>true</retired>
    </org.openmrs.module.metadatasharing.Item>
    <org.openmrs.module.metadatasharing.Item id="27" uuid="baf83667-d225-11e4-9c67-080027b662ec">
      <id>10</id>
      <classname>org.openmrs.Location</classname>
      <dateChanged id="28">2018-10-22 13:30:23</dateChanged>
      <retired>true</retired>
    </org.openmrs.module.metadatasharing.Item>
    <org.openmrs.module.metadatasharing.Item id="29" uuid="bb0e512e-d225-11e4-9c67-080027b662ec">
      <id>11</id>
      <classname>org.openmrs.Location</classname>
      <dateChanged id="30">2018-10-22 13:31:37</dateChanged>
      <retired>true</retired>
    </org.openmrs.module.metadatasharing.Item>
    <org.openmrs.module.metadatasharing.Item id="31" uuid="bb0eb071-d225-11e4-9c67-080027b662ec">
      <id>12</id>
      <classname>org.openmrs.Location</classname>
      <dateChanged id="32">2018-10-22 13:31:37</dateChanged>
      <retired>true</retired>
    </org.openmrs.module.metadatasharing.Item>
    <org.openmrs.module.metadatasharing.Item id="33" uuid="bf194a00-95cf-4ed6-883b-0804e701d455">
      <id>18</id>
      <classname>org.openmrs.Location</classname>
      <dateChanged id="34">2018-10-22 13:23:45</dateChanged>
      <retired>false</retired>
    </org.openmrs.module.metadatasharing.Item>
    <org.openmrs.module.metadatasharing.Item id="35" uuid="c1e42932-3f10-11e4-adec-0800271c1b75">
      <id>2</id>
      <classname>org.openmrs.Location</classname>
      <dateChanged id="36">2018-10-22 13:31:37</dateChanged>
      <retired>true</retired>
    </org.openmrs.module.metadatasharing.Item>
    <org.openmrs.module.metadatasharing.Item id="37" uuid="c1e4950f-3f10-11e4-adec-0800271c1b75">
      <id>3</id>
      <classname>org.openmrs.Location</classname>
      <dateChanged id="38">2018-10-22 13:31:45</dateChanged>
      <retired>true</retired>
    </org.openmrs.module.metadatasharing.Item>
    <org.openmrs.module.metadatasharing.Item id="39" uuid="c1ebb8db-3f10-11e4-adec-0800271c1b75">
      <id>4</id>
      <classname>org.openmrs.Location</classname>
      <dateChanged id="40">2018-10-22 13:31:52</dateChanged>
      <retired>true</retired>
    </org.openmrs.module.metadatasharing.Item>
    <org.openmrs.module.metadatasharing.Item id="41" uuid="c1f25be5-3f10-11e4-adec-0800271c1b75">
      <id>5</id>
      <classname>org.openmrs.Location</classname>
      <dateChanged id="42">2018-10-22 13:31:17</dateChanged>
      <retired>true</retired>
    </org.openmrs.module.metadatasharing.Item>
    <org.openmrs.module.metadatasharing.Item id="43" uuid="c5854fd7-3f12-11e4-adec-0800271c1b75">
      <id>7</id>
      <classname>org.openmrs.Location</classname>
      <dateChanged id="44">2018-10-22 13:31:37</dateChanged>
      <retired>true</retired>
    </org.openmrs.module.metadatasharing.Item>
    <org.openmrs.module.metadatasharing.Item id="45" uuid="c588153d-a8d2-4555-962a-974fa6f8597f">
      <id>19</id>
      <classname>org.openmrs.Location</classname>
      <dateChanged id="46">2018-10-22 13:24:03</dateChanged>
      <retired>false</retired>
    </org.openmrs.module.metadatasharing.Item>
    <org.openmrs.module.metadatasharing.Item id="47" uuid="c58e12ed-3f12-11e4-adec-0800271c1b75">
      <id>8</id>
      <classname>org.openmrs.Location</classname>
      <dateChanged id="48">2018-10-22 13:31:37</dateChanged>
      <retired>true</retired>
    </org.openmrs.module.metadatasharing.Item>
    <org.openmrs.module.metadatasharing.Item id="49" uuid="cba343ff-8331-4f77-96b7-a02ee7a42676">
      <id>24</id>
      <classname>org.openmrs.Location</classname>
      <dateChanged id="50">2018-10-22 13:26:57</dateChanged>
      <retired>false</retired>
    </org.openmrs.module.metadatasharing.Item>
    <org.openmrs.module.metadatasharing.Item id="51" uuid="dc005243-c2de-4a03-a728-37455602c520">
      <id>30</id>
      <classname>org.openmrs.Location</classname>
      <dateChanged id="52">2018-10-22 13:28:47</dateChanged>
      <retired>false</retired>
    </org.openmrs.module.metadatasharing.Item>
    <org.openmrs.module.metadatasharing.Item id="53" uuid="e48fb2b3-d490-11e5-b193-0800270d80ce">
      <id>14</id>
      <classname>org.openmrs.Location</classname>
      <dateChanged id="54">2018-10-22 13:30:23</dateChanged>
      <retired>true</retired>
    </org.openmrs.module.metadatasharing.Item>
    <org.openmrs.module.metadatasharing.Item id="55" uuid="ec8fd6e9-cbfe-46b3-af76-a24d549b48c2">
      <id>22</id>
      <classname>org.openmrs.Location</classname>
      <dateChanged id="56">2018-10-22 13:25:26</dateChanged>
      <retired>false</retired>
    </org.openmrs.module.metadatasharing.Item>
    <org.openmrs.module.metadatasharing.Item id="57" uuid="ee7ccf67-e64b-4aae-bb46-69278e28c801">
      <id>29</id>
      <classname>org.openmrs.Location</classname>
      <dateChanged id="58">2018-10-22 13:28:34</dateChanged>
      <retired>false</retired>
    </org.openmrs.module.metadatasharing.Item>
    <org.openmrs.module.metadatasharing.Item id="59" uuid="eed2c687-ecd3-4fab-b94e-e230c821d850">
      <id>15</id>
      <classname>org.openmrs.Location</classname>
      <dateChanged id="60">2018-10-22 13:22:22</dateChanged>
      <retired>false</retired>
    </org.openmrs.module.metadatasharing.Item>
    <org.openmrs.module.metadatasharing.Item id="61" uuid="f5a73835-4c69-4abe-bc7d-a03b6e1cd039">
      <id>23</id>
      <classname>org.openmrs.Location</classname>
      <dateChanged id="62">2018-10-22 13:25:49</dateChanged>
      <retired>false</retired>
    </org.openmrs.module.metadatasharing.Item>
  </items>
  <relatedItems class="linked-hash-set" id="63">
    <org.openmrs.module.metadatasharing.Item id="64" uuid="b8bbf83e-645f-451f-8efe-a0db56f09676">
      <id>1</id>
      <classname>org.openmrs.LocationTag</classname>
      <dateChanged id="65">2014-09-18 14:28:23</dateChanged>
      <retired>false</retired>
    </org.openmrs.module.metadatasharing.Item>
    <org.openmrs.module.metadatasharing.Item id="66" uuid="475d8fa3-5572-11e6-8be9-0800270d80ce">
      <id>3</id>
      <classname>org.openmrs.LocationTag</classname>
      <dateChanged id="67">2016-07-29 15:23:19</dateChanged>
      <retired>false</retired>
    </org.openmrs.module.metadatasharing.Item>
    <org.openmrs.module.metadatasharing.Item id="68" uuid="a675e840-d225-11e4-9c67-080027b662ec">
      <id>2</id>
      <classname>org.openmrs.LocationTag</classname>
      <dateChanged id="69">2015-03-24 18:29:47</dateChanged>
      <retired>false</retired>
    </org.openmrs.module.metadatasharing.Item>
    <org.openmrs.module.metadatasharing.Item id="70" uuid="a3e05b0e-c70d-11e7-aa2b-8e7070d6a3d1">
      <id>4</id>
      <classname>org.openmrs.LocationTag</classname>
      <dateChanged id="71">2017-11-11 23:55:05</dateChanged>
      <retired>false</retired>
    </org.openmrs.module.metadatasharing.Item>
    <org.openmrs.module.metadatasharing.Item id="72" uuid="c1e46f27-3f10-11e4-adec-0800271c1b75">
      <id>1</id>
      <classname>org.openmrs.LocationAttribute</classname>
      <dateChanged id="73">2014-09-18 00:00:00</dateChanged>
    </org.openmrs.module.metadatasharing.Item>
    <org.openmrs.module.metadatasharing.Item id="74" uuid="c1e403a0-3f10-11e4-adec-0800271c1b75">
      <id>1</id>
      <classname>org.openmrs.LocationAttributeType</classname>
      <dateChanged id="75">2014-09-18 00:00:00</dateChanged>
      <retired>false</retired>
    </org.openmrs.module.metadatasharing.Item>
    <org.openmrs.module.metadatasharing.Item id="76" uuid="c1e4e4a5-3f10-11e4-adec-0800271c1b75">
      <id>2</id>
      <classname>org.openmrs.LocationAttribute</classname>
      <dateChanged id="77">2014-09-18 00:00:00</dateChanged>
    </org.openmrs.module.metadatasharing.Item>
    <org.openmrs.module.metadatasharing.Item id="78" uuid="c1f23319-3f10-11e4-adec-0800271c1b75">
      <id>3</id>
      <classname>org.openmrs.LocationAttribute</classname>
      <dateChanged id="79">2014-09-18 00:00:00</dateChanged>
    </org.openmrs.module.metadatasharing.Item>
    <org.openmrs.module.metadatasharing.Item id="80" uuid="c1f2a697-3f10-11e4-adec-0800271c1b75">
      <id>4</id>
      <classname>org.openmrs.LocationAttribute</classname>
      <dateChanged id="81">2014-09-18 00:00:00</dateChanged>
    </org.openmrs.module.metadatasharing.Item>
    <org.openmrs.module.metadatasharing.Item id="82" uuid="be7d5963-d5fb-11e8-986b-0242ac110003">
      <id>5</id>
      <classname>org.openmrs.LocationTag</classname>
      <dateChanged id="83">2018-10-22 13:09:44</dateChanged>
      <retired>false</retired>
    </org.openmrs.module.metadatasharing.Item>
  </relatedItems>
</package>
