<?xml version="1.0" encoding="UTF-8"?>
<list id="1">
  <org.openmrs.Location id="2" uuid="087db4ee-e1bf-4b0a-9101-5f0a0103ce65">
    <name>Medical Records</name>
    <description>Medical Records</description>
    <creator/>
    <dateCreated id="3">2018-10-22 13:29:00</dateCreated>
    <retired>false</retired>
    <attributes id="4"/>
    <locationId>31</locationId>
    <childLocations id="5"/>
    <tags id="6">
      <org.openmrs.LocationTag id="7" uuid="b8bbf83e-645f-451f-8efe-a0db56f09676">
        <name>Login Location</name>
        <description>When a user logs in and chooses a session location, they may only choose one with this tag</description>
        <creator/>
        <dateCreated id="8">2014-09-18 14:28:23</dateCreated>
        <retired>false</retired>
        <locationTagId>1</locationTagId>
      </org.openmrs.LocationTag>
    </tags>
  </org.openmrs.Location>
  <org.openmrs.Location id="9" uuid="12e82fbd-6eea-4bf6-bdf7-cf055bd9f2cc">
    <name>Pediatrics</name>
    <description>Pediatrics</description>
    <creator/>
    <dateCreated id="10">2018-10-22 13:22:54</dateCreated>
    <retired>false</retired>
    <attributes id="11"/>
    <locationId>16</locationId>
    <childLocations id="12"/>
    <tags id="13">
      <org.openmrs.LocationTag id="14" uuid="475d8fa3-5572-11e6-8be9-0800270d80ce">
        <name>Visit Location</name>
        <description>Visit Location</description>
        <creator/>
        <dateCreated id="15">2016-07-29 15:23:19</dateCreated>
        <retired>false</retired>
        <locationTagId>3</locationTagId>
      </org.openmrs.LocationTag>
      <org.openmrs.LocationTag reference="7"/>
      <org.openmrs.LocationTag id="16" uuid="a675e840-d225-11e4-9c67-080027b662ec">
        <name>Admission Location</name>
        <description>General Ward Patients</description>
        <creator/>
        <dateCreated id="17">2015-03-24 18:29:47</dateCreated>
        <retired>false</retired>
        <locationTagId>2</locationTagId>
      </org.openmrs.LocationTag>
      <org.openmrs.LocationTag id="18" uuid="a3e05b0e-c70d-11e7-aa2b-8e7070d6a3d1">
        <name>Appointment Location</name>
        <description>When a user user creates a appointment service and chooses a location, they may only choose one with this tag</description>
        <creator/>
        <dateCreated id="19">2017-11-11 23:55:05</dateCreated>
        <retired>false</retired>
        <locationTagId>4</locationTagId>
      </org.openmrs.LocationTag>
    </tags>
  </org.openmrs.Location>
  <org.openmrs.Location id="20" uuid="26016511-c8c1-423d-ae6a-2cb400dcedb7">
    <name>Emergency Room</name>
    <description>Emergency Room</description>
    <creator/>
    <dateCreated id="21">2018-10-22 13:23:21</dateCreated>
    <retired>false</retired>
    <attributes id="22"/>
    <locationId>17</locationId>
    <childLocations id="23"/>
    <tags id="24">
      <org.openmrs.LocationTag reference="14"/>
      <org.openmrs.LocationTag reference="7"/>
      <org.openmrs.LocationTag reference="16"/>
      <org.openmrs.LocationTag reference="18"/>
    </tags>
  </org.openmrs.Location>
  <org.openmrs.Location id="25" uuid="413dc66d-c73f-40cd-b69f-06e9b2e4733d">
    <name>Medical/Surgical Unit</name>
    <description>Medical/Surgical Unit</description>
    <creator/>
    <dateCreated id="26">2018-10-22 13:24:52</dateCreated>
    <retired>false</retired>
    <attributes id="27"/>
    <locationId>21</locationId>
    <childLocations id="28"/>
    <tags id="29">
      <org.openmrs.LocationTag reference="14"/>
      <org.openmrs.LocationTag reference="7"/>
      <org.openmrs.LocationTag reference="16"/>
      <org.openmrs.LocationTag reference="18"/>
    </tags>
  </org.openmrs.Location>
  <org.openmrs.Location id="30" uuid="4696e0e8-93d1-440b-9aca-ccd5a958b189">
    <name>Administration</name>
    <description>Administration</description>
    <creator/>
    <dateCreated id="31">2018-10-22 13:28:00</dateCreated>
    <changedBy/>
    <dateChanged id="32">2018-10-22 13:28:16</dateChanged>
    <retired>false</retired>
    <attributes id="33"/>
    <locationId>28</locationId>
    <country>Haiti</country>
    <childLocations id="34"/>
    <tags id="35">
      <org.openmrs.LocationTag reference="7"/>
    </tags>
  </org.openmrs.Location>
  <org.openmrs.Location id="36" uuid="4d8fbc43-c1e9-4b7b-9cfb-191a6c667e95">
    <name>Intensive Care Unit</name>
    <description>Intensive Care Unit</description>
    <creator/>
    <dateCreated id="37">2018-10-22 13:27:12</dateCreated>
    <retired>false</retired>
    <attributes id="38"/>
    <locationId>25</locationId>
    <childLocations id="39"/>
    <tags id="40">
      <org.openmrs.LocationTag reference="14"/>
      <org.openmrs.LocationTag reference="7"/>
      <org.openmrs.LocationTag reference="16"/>
      <org.openmrs.LocationTag reference="18"/>
    </tags>
  </org.openmrs.Location>
  <org.openmrs.Location id="41" uuid="5e449838-11e0-48d5-b1d5-c2fc2c206237">
    <name>Prosthetic Lab</name>
    <description>Prosthetic Lab</description>
    <creator/>
    <dateCreated id="42">2018-10-22 13:27:44</dateCreated>
    <retired>false</retired>
    <attributes id="43"/>
    <locationId>27</locationId>
    <childLocations id="44"/>
    <tags id="45">
      <org.openmrs.LocationTag reference="14"/>
      <org.openmrs.LocationTag reference="7"/>
      <org.openmrs.LocationTag reference="16"/>
      <org.openmrs.LocationTag reference="18"/>
    </tags>
  </org.openmrs.Location>
  <org.openmrs.Location id="46" uuid="79a45b91-8ff5-452f-b335-bd17c811b01d">
    <name>Rehabilitation</name>
    <description>Rehabilitation</description>
    <creator/>
    <dateCreated id="47">2018-10-22 13:27:29</dateCreated>
    <retired>false</retired>
    <attributes id="48"/>
    <locationId>26</locationId>
    <childLocations id="49"/>
    <tags id="50">
      <org.openmrs.LocationTag reference="14"/>
      <org.openmrs.LocationTag reference="7"/>
      <org.openmrs.LocationTag reference="16"/>
      <org.openmrs.LocationTag reference="18"/>
    </tags>
  </org.openmrs.Location>
  <org.openmrs.Location id="51" uuid="7e19cac2-4b94-4da2-a5c1-cc4cc29f32ab">
    <name>Pharmacy</name>
    <description>Pharmacy</description>
    <creator/>
    <dateCreated id="52">2018-10-22 13:24:33</dateCreated>
    <retired>false</retired>
    <attributes id="53"/>
    <locationId>20</locationId>
    <childLocations id="54"/>
    <tags id="55">
      <org.openmrs.LocationTag reference="14"/>
      <org.openmrs.LocationTag reference="7"/>
      <org.openmrs.LocationTag reference="16"/>
      <org.openmrs.LocationTag reference="18"/>
    </tags>
  </org.openmrs.Location>
  <org.openmrs.Location id="56" uuid="8d6c993e-c2cc-11de-8d13-0010c6dffd0f">
    <name>Unknown Location</name>
    <creator/>
    <dateCreated id="57">2005-09-22 00:00:00</dateCreated>
    <changedBy/>
    <dateChanged id="58">2018-10-22 13:31:58</dateChanged>
    <retired>true</retired>
    <dateRetired id="59">2018-10-22 13:31:58</dateRetired>
    <retiredBy/>
    <retireReason>Not used at HSC</retireReason>
    <attributes id="60"/>
    <locationId>1</locationId>
    <childLocations id="61"/>
    <tags id="62"/>
  </org.openmrs.Location>
  <org.openmrs.Location id="63" uuid="baf7bd38-d225-11e4-9c67-080027b662ec">
    <name>General Ward</name>
    <description>General Ward</description>
    <creator/>
    <dateCreated id="64">2015-03-24 18:30:22</dateCreated>
    <changedBy/>
    <dateChanged id="65">2018-10-22 13:30:23</dateChanged>
    <retired>true</retired>
    <dateRetired id="66">2018-10-22 13:30:23</dateRetired>
    <retiredBy/>
    <retireReason>Unsed data</retireReason>
    <attributes id="67"/>
    <locationId>9</locationId>
    <parentLocation id="68" resolves-to="org.openmrs.Location" uuid="c1e42932-3f10-11e4-adec-0800271c1b75">
      <name>Ganiyari</name>
      <description>Ganiyari hospital</description>
      <creator/>
      <dateCreated id="69">2014-09-18 00:00:00</dateCreated>
      <changedBy/>
      <dateChanged id="70">2018-10-22 13:31:37</dateChanged>
      <retired>true</retired>
      <dateRetired id="71">2018-10-22 13:31:37</dateRetired>
      <retiredBy/>
      <retireReason>Not used at HSC</retireReason>
      <attributes id="72">
        <org.openmrs.LocationAttribute id="73" uuid="c1e46f27-3f10-11e4-adec-0800271c1b75">
          <creator/>
          <dateCreated id="74">2014-09-18 00:00:00</dateCreated>
          <voided>false</voided>
          <owner class="org.openmrs.Location" reference="68"/>
          <attributeType class="org.openmrs.LocationAttributeType" id="75" uuid="c1e403a0-3f10-11e4-adec-0800271c1b75">
            <name>IdentifierSourceName</name>
            <description>Identifier source name of the source that needs to be used for patients coming from this location</description>
            <creator/>
            <dateCreated id="76">2014-09-18 00:00:00</dateCreated>
            <retired>false</retired>
            <minOccurs>0</minOccurs>
            <maxOccurs>1</maxOccurs>
            <datatypeClassname>org.openmrs.customdatatype.datatype.FreeTextDatatype</datatypeClassname>
            <locationAttributeTypeId>1</locationAttributeTypeId>
          </attributeType>
          <valueReference>GAN</valueReference>
          <locationAttributeId>1</locationAttributeId>
        </org.openmrs.LocationAttribute>
      </attributes>
      <locationId>2</locationId>
      <childLocations id="77">
        <org.openmrs.Location id="78" uuid="c58e12ed-3f12-11e4-adec-0800271c1b75">
          <name>OPD-1</name>
          <creator/>
          <dateCreated id="79">2014-09-18 14:34:18</dateCreated>
          <changedBy/>
          <dateChanged id="80">2018-10-22 13:31:37</dateChanged>
          <retired>true</retired>
          <dateRetired id="81">2018-10-22 13:31:37</dateRetired>
          <retiredBy/>
          <retireReason>Not used at HSC</retireReason>
          <attributes id="82"/>
          <locationId>8</locationId>
          <parentLocation reference="68"/>
          <childLocations id="83"/>
          <tags id="84">
            <org.openmrs.LocationTag reference="7"/>
          </tags>
        </org.openmrs.Location>
        <org.openmrs.Location reference="63"/>
        <org.openmrs.Location id="85" uuid="bb0e512e-d225-11e4-9c67-080027b662ec">
          <name>Labour Ward</name>
          <description>General Ward</description>
          <creator/>
          <dateCreated id="86">2015-03-24 18:30:22</dateCreated>
          <changedBy/>
          <dateChanged id="87">2018-10-22 13:31:37</dateChanged>
          <retired>true</retired>
          <dateRetired id="88">2018-10-22 13:31:37</dateRetired>
          <retiredBy/>
          <retireReason>Not used at HSC</retireReason>
          <attributes id="89"/>
          <locationId>11</locationId>
          <parentLocation reference="68"/>
          <childLocations id="90">
            <org.openmrs.Location id="91" uuid="bb0eb071-d225-11e4-9c67-080027b662ec">
              <name>Labour Ward - 1</name>
              <description>1st Floor of General Ward</description>
              <creator/>
              <dateCreated id="92">2015-03-24 18:30:22</dateCreated>
              <changedBy/>
              <dateChanged id="93">2018-10-22 13:31:37</dateChanged>
              <retired>true</retired>
              <dateRetired id="94">2018-10-22 13:31:37</dateRetired>
              <retiredBy/>
              <retireReason>Not used at HSC</retireReason>
              <attributes id="95"/>
              <locationId>12</locationId>
              <parentLocation reference="85"/>
              <childLocations id="96"/>
              <tags id="97">
                <org.openmrs.LocationTag reference="16"/>
              </tags>
            </org.openmrs.Location>
          </childLocations>
          <tags id="98">
            <org.openmrs.LocationTag reference="7"/>
            <org.openmrs.LocationTag reference="16"/>
          </tags>
        </org.openmrs.Location>
        <org.openmrs.Location id="99" uuid="c5854fd7-3f12-11e4-adec-0800271c1b75">
          <name>Registration Desk</name>
          <creator/>
          <dateCreated id="100">2014-09-18 14:34:18</dateCreated>
          <changedBy/>
          <dateChanged id="101">2018-10-22 13:31:37</dateChanged>
          <retired>true</retired>
          <dateRetired id="102">2018-10-22 13:31:37</dateRetired>
          <retiredBy/>
          <retireReason>Not used at HSC</retireReason>
          <attributes id="103"/>
          <locationId>7</locationId>
          <parentLocation reference="68"/>
          <childLocations id="104"/>
          <tags id="105">
            <org.openmrs.LocationTag reference="7"/>
          </tags>
        </org.openmrs.Location>
      </childLocations>
      <tags id="106">
        <org.openmrs.LocationTag reference="14"/>
      </tags>
    </parentLocation>
    <childLocations id="107">
      <org.openmrs.Location id="108" uuid="baf83667-d225-11e4-9c67-080027b662ec">
        <name>General Ward Room 1</name>
        <description>1st Floor of General Ward</description>
        <creator/>
        <dateCreated id="109">2015-03-24 18:30:22</dateCreated>
        <changedBy/>
        <dateChanged id="110">2018-10-22 13:30:23</dateChanged>
        <retired>true</retired>
        <dateRetired id="111">2018-10-22 13:30:23</dateRetired>
        <retiredBy/>
        <retireReason>Unsed data</retireReason>
        <attributes id="112"/>
        <locationId>10</locationId>
        <parentLocation reference="63"/>
        <childLocations id="113"/>
        <tags id="114">
          <org.openmrs.LocationTag reference="16"/>
        </tags>
      </org.openmrs.Location>
      <org.openmrs.Location id="115" uuid="e48fb2b3-d490-11e5-b193-0800270d80ce">
        <name>General Ward - Room 2</name>
        <creator/>
        <dateCreated id="116">2015-11-02 05:47:24</dateCreated>
        <changedBy/>
        <dateChanged id="117">2018-10-22 13:30:23</dateChanged>
        <retired>true</retired>
        <dateRetired id="118">2018-10-22 13:30:23</dateRetired>
        <retiredBy/>
        <retireReason>Unsed data</retireReason>
        <attributes id="119"/>
        <locationId>14</locationId>
        <parentLocation reference="63"/>
        <childLocations id="120"/>
        <tags id="121"/>
      </org.openmrs.Location>
    </childLocations>
    <tags id="122">
      <org.openmrs.LocationTag reference="7"/>
      <org.openmrs.LocationTag reference="16"/>
    </tags>
  </org.openmrs.Location>
  <org.openmrs.Location reference="108"/>
  <org.openmrs.Location reference="85"/>
  <org.openmrs.Location reference="91"/>
  <org.openmrs.Location id="123" uuid="bf194a00-95cf-4ed6-883b-0804e701d455">
    <name>Laboratory</name>
    <description>Laboratory</description>
    <creator/>
    <dateCreated id="124">2018-10-22 13:23:45</dateCreated>
    <retired>false</retired>
    <attributes id="125"/>
    <locationId>18</locationId>
    <childLocations id="126"/>
    <tags id="127">
      <org.openmrs.LocationTag reference="14"/>
      <org.openmrs.LocationTag reference="7"/>
      <org.openmrs.LocationTag reference="16"/>
      <org.openmrs.LocationTag reference="18"/>
    </tags>
  </org.openmrs.Location>
  <org.openmrs.Location reference="68"/>
  <org.openmrs.Location id="128" uuid="c1e4950f-3f10-11e4-adec-0800271c1b75">
    <name>Subcenter 2 (SEM)</name>
    <description>Subcenter 2 (SEM)</description>
    <creator/>
    <dateCreated id="129">2014-09-18 00:00:00</dateCreated>
    <changedBy/>
    <dateChanged id="130">2018-10-22 13:31:45</dateChanged>
    <retired>true</retired>
    <dateRetired id="131">2018-10-22 13:31:45</dateRetired>
    <retiredBy/>
    <retireReason>Not used at HSC</retireReason>
    <attributes id="132">
      <org.openmrs.LocationAttribute id="133" uuid="c1e4e4a5-3f10-11e4-adec-0800271c1b75">
        <creator/>
        <dateCreated id="134">2014-09-18 00:00:00</dateCreated>
        <voided>false</voided>
        <owner class="org.openmrs.Location" reference="128"/>
        <attributeType class="org.openmrs.LocationAttributeType" reference="75"/>
        <valueReference>SEM</valueReference>
        <locationAttributeId>2</locationAttributeId>
      </org.openmrs.LocationAttribute>
    </attributes>
    <locationId>3</locationId>
    <childLocations id="135"/>
    <tags id="136">
      <org.openmrs.LocationTag reference="14"/>
      <org.openmrs.LocationTag reference="7"/>
    </tags>
  </org.openmrs.Location>
  <org.openmrs.Location id="137" uuid="c1ebb8db-3f10-11e4-adec-0800271c1b75">
    <name>Subcenter 3 (SIV)</name>
    <description>Subcenter 3 (SIV)</description>
    <creator/>
    <dateCreated id="138">2014-09-18 00:00:00</dateCreated>
    <changedBy/>
    <dateChanged id="139">2018-10-22 13:31:52</dateChanged>
    <retired>true</retired>
    <dateRetired id="140">2018-10-22 13:31:52</dateRetired>
    <retiredBy/>
    <retireReason>Not used at HSC</retireReason>
    <attributes id="141">
      <org.openmrs.LocationAttribute id="142" uuid="c1f23319-3f10-11e4-adec-0800271c1b75">
        <creator/>
        <dateCreated id="143">2014-09-18 00:00:00</dateCreated>
        <voided>false</voided>
        <owner class="org.openmrs.Location" reference="137"/>
        <attributeType class="org.openmrs.LocationAttributeType" reference="75"/>
        <valueReference>SIV</valueReference>
        <locationAttributeId>3</locationAttributeId>
      </org.openmrs.LocationAttribute>
    </attributes>
    <locationId>4</locationId>
    <childLocations id="144"/>
    <tags id="145"/>
  </org.openmrs.Location>
  <org.openmrs.Location id="146" uuid="c1f25be5-3f10-11e4-adec-0800271c1b75">
    <name>Subcenter 1 (BAM)</name>
    <description>Subcenter 1 (BAM)</description>
    <creator/>
    <dateCreated id="147">2014-09-18 00:00:00</dateCreated>
    <changedBy/>
    <dateChanged id="148">2018-10-22 13:31:17</dateChanged>
    <retired>true</retired>
    <dateRetired id="149">2018-10-22 13:31:17</dateRetired>
    <retiredBy/>
    <retireReason>Not used at HSC</retireReason>
    <attributes id="150">
      <org.openmrs.LocationAttribute id="151" uuid="c1f2a697-3f10-11e4-adec-0800271c1b75">
        <creator/>
        <dateCreated id="152">2014-09-18 00:00:00</dateCreated>
        <voided>false</voided>
        <owner class="org.openmrs.Location" reference="146"/>
        <attributeType class="org.openmrs.LocationAttributeType" reference="75"/>
        <valueReference>BAM</valueReference>
        <locationAttributeId>4</locationAttributeId>
      </org.openmrs.LocationAttribute>
    </attributes>
    <locationId>5</locationId>
    <childLocations id="153"/>
    <tags id="154">
      <org.openmrs.LocationTag reference="14"/>
      <org.openmrs.LocationTag reference="7"/>
    </tags>
  </org.openmrs.Location>
  <org.openmrs.Location reference="99"/>
  <org.openmrs.Location id="155" uuid="c588153d-a8d2-4555-962a-974fa6f8597f">
    <name>Radiology</name>
    <description>Radiology</description>
    <creator/>
    <dateCreated id="156">2018-10-22 13:24:03</dateCreated>
    <retired>false</retired>
    <attributes id="157"/>
    <locationId>19</locationId>
    <childLocations id="158"/>
    <tags id="159">
      <org.openmrs.LocationTag reference="14"/>
      <org.openmrs.LocationTag reference="7"/>
      <org.openmrs.LocationTag reference="16"/>
      <org.openmrs.LocationTag reference="18"/>
    </tags>
  </org.openmrs.Location>
  <org.openmrs.Location reference="78"/>
  <org.openmrs.Location id="160" uuid="cba343ff-8331-4f77-96b7-a02ee7a42676">
    <name>Post Anesthesia Care Unit</name>
    <description>Post Anesthesia Care Unit</description>
    <creator/>
    <dateCreated id="161">2018-10-22 13:26:57</dateCreated>
    <retired>false</retired>
    <attributes id="162"/>
    <locationId>24</locationId>
    <childLocations id="163"/>
    <tags id="164">
      <org.openmrs.LocationTag reference="14"/>
      <org.openmrs.LocationTag reference="7"/>
      <org.openmrs.LocationTag reference="16"/>
      <org.openmrs.LocationTag reference="18"/>
    </tags>
  </org.openmrs.Location>
  <org.openmrs.Location id="165" uuid="dc005243-c2de-4a03-a728-37455602c520">
    <name>Registration</name>
    <description>Registration</description>
    <creator/>
    <dateCreated id="166">2018-10-22 13:28:47</dateCreated>
    <retired>false</retired>
    <attributes id="167"/>
    <locationId>30</locationId>
    <childLocations id="168"/>
    <tags id="169">
      <org.openmrs.LocationTag reference="14"/>
      <org.openmrs.LocationTag reference="7"/>
      <org.openmrs.LocationTag reference="16"/>
      <org.openmrs.LocationTag reference="18"/>
    </tags>
  </org.openmrs.Location>
  <org.openmrs.Location reference="115"/>
  <org.openmrs.Location id="170" uuid="ec8fd6e9-cbfe-46b3-af76-a24d549b48c2">
    <name>Orthopedics</name>
    <description>Orthopedics</description>
    <creator/>
    <dateCreated id="171">2018-10-22 13:25:26</dateCreated>
    <retired>false</retired>
    <attributes id="172"/>
    <locationId>22</locationId>
    <childLocations id="173"/>
    <tags id="174">
      <org.openmrs.LocationTag reference="14"/>
      <org.openmrs.LocationTag reference="7"/>
      <org.openmrs.LocationTag reference="16"/>
      <org.openmrs.LocationTag reference="18"/>
    </tags>
  </org.openmrs.Location>
  <org.openmrs.Location id="175" uuid="ee7ccf67-e64b-4aae-bb46-69278e28c801">
    <name>Clinic</name>
    <description>Clinic</description>
    <creator/>
    <dateCreated id="176">2018-10-22 13:28:34</dateCreated>
    <retired>false</retired>
    <attributes id="177"/>
    <locationId>29</locationId>
    <childLocations id="178"/>
    <tags id="179">
      <org.openmrs.LocationTag reference="14"/>
      <org.openmrs.LocationTag reference="7"/>
      <org.openmrs.LocationTag reference="16"/>
      <org.openmrs.LocationTag reference="18"/>
    </tags>
  </org.openmrs.Location>
  <org.openmrs.Location id="180" uuid="eed2c687-ecd3-4fab-b94e-e230c821d850">
    <name>Obstetrics</name>
    <description>Obstetrics</description>
    <creator/>
    <dateCreated id="181">2018-10-22 13:22:22</dateCreated>
    <retired>false</retired>
    <attributes id="182"/>
    <locationId>15</locationId>
    <childLocations id="183"/>
    <tags id="184">
      <org.openmrs.LocationTag reference="14"/>
      <org.openmrs.LocationTag reference="7"/>
      <org.openmrs.LocationTag reference="16"/>
      <org.openmrs.LocationTag reference="18"/>
    </tags>
  </org.openmrs.Location>
  <org.openmrs.Location id="185" uuid="f5a73835-4c69-4abe-bc7d-a03b6e1cd039">
    <name>Operating Room</name>
    <description>Operating Room</description>
    <creator/>
    <dateCreated id="186">2018-10-22 13:25:49</dateCreated>
    <retired>false</retired>
    <attributes id="187"/>
    <locationId>23</locationId>
    <childLocations id="188"/>
    <tags id="189">
      <org.openmrs.LocationTag reference="14"/>
      <org.openmrs.LocationTag reference="7"/>
      <org.openmrs.LocationTag id="190" uuid="be7d5963-d5fb-11e8-986b-0242ac110003">
        <name>Operation Theater</name>
        <description>Operation Theater</description>
        <creator/>
        <dateCreated id="191">2018-10-22 13:09:44</dateCreated>
        <retired>false</retired>
        <locationTagId>5</locationTagId>
      </org.openmrs.LocationTag>
      <org.openmrs.LocationTag reference="16"/>
      <org.openmrs.LocationTag reference="18"/>
    </tags>
  </org.openmrs.Location>
</list>
