<?xml version="1.0" encoding="UTF-8"?>
<package id="1" uuid="f3fb5bc7-03b6-4f68-87b0-aa5e988f1f50">
  <dateCreated id="2">2018-10-22 13:41:54</dateCreated>
  <name>VisitType</name>
  <description>Visit Types in use at Hôpital Sacré Coeur</description>
  <openmrsVersion>2.1.1  Build 725db5</openmrsVersion>
  <version>1</version>
  <groupUuid>1971edc8-6dad-41d0-95ee-fa5883510036</groupUuid>
  <modules id="3">
    <entry>
      <string>calculation</string>
      <string>1.2</string>
    </entry>
    <entry>
      <string>legacyui</string>
      <string>1.3.3</string>
    </entry>
    <entry>
      <string>metadatasharing</string>
      <string>1.2.2</string>
    </entry>
    <entry>
      <string>bedmanagement</string>
      <string>5.8.1</string>
    </entry>
    <entry>
      <string>providermanagement</string>
      <string>2.5.0</string>
    </entry>
    <entry>
      <string>exti18n</string>
      <string>1.0.0</string>
    </entry>
    <entry>
      <string>bacteriology</string>
      <string>1.1</string>
    </entry>
    <entry>
      <string>htmlwidgets</string>
      <string>1.8.0</string>
    </entry>
    <entry>
      <string>reference-data</string>
      <string>0.91-SNAPSHOT</string>
    </entry>
    <entry>
      <string>operationtheater</string>
      <string>1.2.0</string>
    </entry>
    <entry>
      <string>addresshierarchy</string>
      <string>2.11.0</string>
    </entry>
    <entry>
      <string>reportingrest</string>
      <string>1.10.0</string>
    </entry>
    <entry>
      <string>uiframework</string>
      <string>3.8</string>
    </entry>
    <entry>
      <string>rulesengine</string>
      <string>0.91-SNAPSHOT</string>
    </entry>
    <entry>
      <string>idgen-webservices</string>
      <string>1.3-SNAPSHOT</string>
    </entry>
    <entry>
      <string>event</string>
      <string>2.5</string>
    </entry>
    <entry>
      <string>uicommons</string>
      <string>2.3.0</string>
    </entry>
    <entry>
      <string>reporting</string>
      <string>1.16.0</string>
    </entry>
    <entry>
      <string>emrapi</string>
      <string>1.24.5</string>
    </entry>
    <entry>
      <string>episodes</string>
      <string>1.0-SNAPSHOT</string>
    </entry>
    <entry>
      <string>appointments</string>
      <string>1.1-SNAPSHOT</string>
    </entry>
    <entry>
      <string>idgen</string>
      <string>4.4.1</string>
    </entry>
    <entry>
      <string>auditlog</string>
      <string>1.1-SNAPSHOT</string>
    </entry>
    <entry>
      <string>bahmnicore</string>
      <string>0.91-SNAPSHOT</string>
    </entry>
    <entry>
      <string>uilibrary</string>
      <string>2.0.5</string>
    </entry>
    <entry>
      <string>initializer</string>
      <string>1.0.1</string>
    </entry>
    <entry>
      <string>appframework</string>
      <string>2.10.0</string>
    </entry>
    <entry>
      <string>webservices.rest</string>
      <string>2.20.0.0e371e</string>
    </entry>
    <entry>
      <string>openmrs-atomfeed</string>
      <string>2.5.6</string>
    </entry>
    <entry>
      <string>owa</string>
      <string>1.9.0</string>
    </entry>
    <entry>
      <string>metadatamapping</string>
      <string>1.3.1</string>
    </entry>
    <entry>
      <string>bahmni.ie.apps</string>
      <string>0.91-SNAPSHOT</string>
    </entry>
    <entry>
      <string>serialization.xstream</string>
      <string>0.2.12</string>
    </entry>
  </modules>
  <items class="linked-hash-set" id="4">
    <org.openmrs.module.metadatasharing.Item id="5" uuid="090e4aac-82f6-4954-b948-d74e189437d2">
      <id>11</id>
      <classname>org.openmrs.VisitType</classname>
      <dateChanged id="6">2018-10-22 13:38:30</dateChanged>
      <retired>false</retired>
    </org.openmrs.module.metadatasharing.Item>
    <org.openmrs.module.metadatasharing.Item id="7" uuid="20feb868-ff09-4ea2-bc2e-58f361945b95">
      <id>9</id>
      <classname>org.openmrs.VisitType</classname>
      <dateChanged id="8">2018-10-22 13:38:15</dateChanged>
      <retired>false</retired>
    </org.openmrs.module.metadatasharing.Item>
    <org.openmrs.module.metadatasharing.Item id="9" uuid="792bfefc-170e-4a95-9273-cae316ba62ba">
      <id>10</id>
      <classname>org.openmrs.VisitType</classname>
      <dateChanged id="10">2018-10-22 13:38:22</dateChanged>
      <retired>false</retired>
    </org.openmrs.module.metadatasharing.Item>
    <org.openmrs.module.metadatasharing.Item id="11" uuid="b9cb32c9-3f12-11e4-adec-0800271c1b75">
      <id>7</id>
      <classname>org.openmrs.VisitType</classname>
      <dateChanged id="12">2018-10-22 13:37:29</dateChanged>
      <retired>true</retired>
    </org.openmrs.module.metadatasharing.Item>
    <org.openmrs.module.metadatasharing.Item id="13" uuid="bef32e14-3f12-11e4-adec-0800271c1b75">
      <id>8</id>
      <classname>org.openmrs.VisitType</classname>
      <dateChanged id="14">2018-10-22 13:37:38</dateChanged>
      <retired>true</retired>
    </org.openmrs.module.metadatasharing.Item>
    <org.openmrs.module.metadatasharing.Item id="15" uuid="c228eab1-3f10-11e4-adec-0800271c1b75">
      <id>3</id>
      <classname>org.openmrs.VisitType</classname>
      <dateChanged id="16">2018-10-22 13:37:57</dateChanged>
      <retired>true</retired>
    </org.openmrs.module.metadatasharing.Item>
    <org.openmrs.module.metadatasharing.Item id="17" uuid="c22a5000-3f10-11e4-adec-0800271c1b75">
      <id>4</id>
      <classname>org.openmrs.VisitType</classname>
      <dateChanged id="18">2018-10-22 13:37:50</dateChanged>
      <retired>true</retired>
    </org.openmrs.module.metadatasharing.Item>
    <org.openmrs.module.metadatasharing.Item id="19" uuid="c23d6c9d-3f10-11e4-adec-0800271c1b75">
      <id>5</id>
      <classname>org.openmrs.VisitType</classname>
      <dateChanged id="20">2018-10-22 13:37:43</dateChanged>
      <retired>true</retired>
    </org.openmrs.module.metadatasharing.Item>
    <org.openmrs.module.metadatasharing.Item id="21" uuid="c2402997-3f10-11e4-adec-0800271c1b75">
      <id>6</id>
      <classname>org.openmrs.VisitType</classname>
      <dateChanged id="22">2018-10-22 13:37:23</dateChanged>
      <retired>true</retired>
    </org.openmrs.module.metadatasharing.Item>
  </items>
  <relatedItems class="linked-hash-set" id="23"/>
</package>
