<?xml version="1.0" encoding="UTF-8"?>
<list id="1">
  <org.openmrs.VisitType id="2" uuid="090e4aac-82f6-4954-b948-d74e189437d2">
    <name>Emergency</name>
    <description>Emergency</description>
    <creator/>
    <dateCreated id="3">2018-10-22 13:38:30</dateCreated>
    <retired>false</retired>
    <visitTypeId>11</visitTypeId>
  </org.openmrs.VisitType>
  <org.openmrs.VisitType id="4" uuid="20feb868-ff09-4ea2-bc2e-58f361945b95">
    <name>Outpatient</name>
    <description>Outpatient</description>
    <creator/>
    <dateCreated id="5">2018-10-22 13:38:15</dateCreated>
    <retired>false</retired>
    <visitTypeId>9</visitTypeId>
  </org.openmrs.VisitType>
  <org.openmrs.VisitType id="6" uuid="792bfefc-170e-4a95-9273-cae316ba62ba">
    <name>Inpatient</name>
    <description>Inpatient</description>
    <creator/>
    <dateCreated id="7">2018-10-22 13:38:22</dateCreated>
    <retired>false</retired>
    <visitTypeId>10</visitTypeId>
  </org.openmrs.VisitType>
  <org.openmrs.VisitType id="8" uuid="b9cb32c9-3f12-11e4-adec-0800271c1b75">
    <name>PHARMACY VISIT</name>
    <description>Visit for syncing sale orders from pharmacy</description>
    <creator/>
    <dateCreated id="9">2014-09-18 00:00:00</dateCreated>
    <changedBy/>
    <dateChanged id="10">2018-10-22 13:37:29</dateChanged>
    <retired>true</retired>
    <dateRetired id="11">2018-10-22 13:37:29</dateRetired>
    <retiredBy/>
    <retireReason>Not used at HSC</retireReason>
    <visitTypeId>7</visitTypeId>
  </org.openmrs.VisitType>
  <org.openmrs.VisitType id="12" uuid="bef32e14-3f12-11e4-adec-0800271c1b75">
    <name>LAB VISIT</name>
    <description>Visits for lab visit by patient when the tests are not ordered through OpenMRS</description>
    <creator/>
    <dateCreated id="13">2014-09-18 00:00:00</dateCreated>
    <changedBy/>
    <dateChanged id="14">2018-10-22 13:37:38</dateChanged>
    <retired>true</retired>
    <dateRetired id="15">2018-10-22 13:37:38</dateRetired>
    <retiredBy/>
    <retireReason>Not used at HSC</retireReason>
    <visitTypeId>8</visitTypeId>
  </org.openmrs.VisitType>
  <org.openmrs.VisitType id="16" uuid="c228eab1-3f10-11e4-adec-0800271c1b75">
    <name>IPD</name>
    <description>Visit for patients being admitted</description>
    <creator/>
    <dateCreated id="17">2014-09-18 14:19:53</dateCreated>
    <changedBy/>
    <dateChanged id="18">2018-10-22 13:37:57</dateChanged>
    <retired>true</retired>
    <dateRetired id="19">2018-10-22 13:37:57</dateRetired>
    <retiredBy/>
    <retireReason>Not used at HSC</retireReason>
    <visitTypeId>3</visitTypeId>
  </org.openmrs.VisitType>
  <org.openmrs.VisitType id="20" uuid="c22a5000-3f10-11e4-adec-0800271c1b75">
    <name>OPD</name>
    <description>Visit for patients coming for OPD</description>
    <creator/>
    <dateCreated id="21">2014-09-18 14:19:53</dateCreated>
    <changedBy/>
    <dateChanged id="22">2018-10-22 13:37:50</dateChanged>
    <retired>true</retired>
    <dateRetired id="23">2018-10-22 13:37:50</dateRetired>
    <retiredBy/>
    <retireReason>Not used at HSC</retireReason>
    <visitTypeId>4</visitTypeId>
  </org.openmrs.VisitType>
  <org.openmrs.VisitType id="24" uuid="c23d6c9d-3f10-11e4-adec-0800271c1b75">
    <name>Special OPD</name>
    <description>Visit for patients coming for Dental, Spine, Skin etc</description>
    <creator/>
    <dateCreated id="25">2014-09-18 14:19:53</dateCreated>
    <changedBy/>
    <dateChanged id="26">2018-10-22 13:37:43</dateChanged>
    <retired>true</retired>
    <dateRetired id="27">2018-10-22 13:37:43</dateRetired>
    <retiredBy/>
    <retireReason>Not used at HSC</retireReason>
    <visitTypeId>5</visitTypeId>
  </org.openmrs.VisitType>
</list>
