<?xml version="1.0" encoding="UTF-8"?>
<package id="1" uuid="96a2598c-60ba-4a92-8ce8-9c054fa4fd07">
  <dateCreated id="2">2019-11-27 07:04:05</dateCreated>
  <name>OrdersConceptClasses</name>
  <description>Orders Concept Classes</description>
  <openmrsVersion>2.1.1  Build 725db5</openmrsVersion>
  <version>1</version>
  <groupUuid>13df771c-af95-40c1-bc26-f79ac4accfdf</groupUuid>
  <modules id="3">
    <entry>
      <string>calculation</string>
      <string>1.2</string>
    </entry>
    <entry>
      <string>legacyui</string>
      <string>1.3.3</string>
    </entry>
    <entry>
      <string>metadatasharing</string>
      <string>1.2.2</string>
    </entry>
    <entry>
      <string>elisatomfeedclient</string>
      <string>0.92-SNAPSHOT</string>
    </entry>
    <entry>
      <string>bedmanagement</string>
      <string>5.11.0-SNAPSHOT</string>
    </entry>
    <entry>
      <string>providermanagement</string>
      <string>2.5.0</string>
    </entry>
    <entry>
      <string>exti18n</string>
      <string>1.0.0</string>
    </entry>
    <entry>
      <string>bacteriology</string>
      <string>1.2-SNAPSHOT</string>
    </entry>
    <entry>
      <string>htmlwidgets</string>
      <string>1.8.0</string>
    </entry>
    <entry>
      <string>reference-data</string>
      <string>0.92-SNAPSHOT</string>
    </entry>
    <entry>
      <string>operationtheater</string>
      <string>1.2.1</string>
    </entry>
    <entry>
      <string>addresshierarchy</string>
      <string>2.11.0</string>
    </entry>
    <entry>
      <string>reportingrest</string>
      <string>1.10.0</string>
    </entry>
    <entry>
      <string>uiframework</string>
      <string>3.8</string>
    </entry>
    <entry>
      <string>rulesengine</string>
      <string>0.91-SNAPSHOT</string>
    </entry>
    <entry>
      <string>idgen-webservices</string>
      <string>1.3-SNAPSHOT</string>
    </entry>
    <entry>
      <string>event</string>
      <string>2.5</string>
    </entry>
    <entry>
      <string>uicommons</string>
      <string>2.3.0</string>
    </entry>
    <entry>
      <string>reporting</string>
      <string>1.16.0</string>
    </entry>
    <entry>
      <string>emrapi</string>
      <string>1.24.5</string>
    </entry>
    <entry>
      <string>episodes</string>
      <string>1.0-SNAPSHOT</string>
    </entry>
    <entry>
      <string>appointments</string>
      <string>1.1-SNAPSHOT</string>
    </entry>
    <entry>
      <string>idgen</string>
      <string>4.4.1</string>
    </entry>
    <entry>
      <string>auditlog</string>
      <string>1.1-SNAPSHOT</string>
    </entry>
    <entry>
      <string>bahmnicore</string>
      <string>0.92-SNAPSHOT</string>
    </entry>
    <entry>
      <string>uilibrary</string>
      <string>2.0.5</string>
    </entry>
    <entry>
      <string>initializer</string>
      <string>1.2.0-SNAPSHOT</string>
    </entry>
    <entry>
      <string>appframework</string>
      <string>2.10.0</string>
    </entry>
    <entry>
      <string>webservices.rest</string>
      <string>2.24.0.573609</string>
    </entry>
    <entry>
      <string>openmrs-atomfeed</string>
      <string>2.5.6</string>
    </entry>
    <entry>
      <string>owa</string>
      <string>1.9.0</string>
    </entry>
    <entry>
      <string>metadatamapping</string>
      <string>1.3.1</string>
    </entry>
    <entry>
      <string>bahmni.ie.apps</string>
      <string>0.92-SNAPSHOT</string>
    </entry>
    <entry>
      <string>serialization.xstream</string>
      <string>0.2.12</string>
    </entry>
  </modules>
  <items class="linked-hash-set" id="4">
    <org.openmrs.module.metadatasharing.Item id="5" uuid="6e49b697-f6d5-4643-b44b-822e6171fbc7">
      <id>34</id>
      <classname>org.openmrs.ConceptClass</classname>
      <dateChanged id="6">2019-11-20 07:07:41</dateChanged>
      <retired>false</retired>
    </org.openmrs.module.metadatasharing.Item>
    <org.openmrs.module.metadatasharing.Item id="7" uuid="f9ab011c-9a78-45ce-a235-a2514724acdc">
      <id>43</id>
      <classname>org.openmrs.ConceptClass</classname>
      <dateChanged id="8">2019-11-27 07:03:43</dateChanged>
      <retired>false</retired>
    </org.openmrs.module.metadatasharing.Item>
    <org.openmrs.module.metadatasharing.Item id="9" uuid="64bcd132-1f11-403a-bf69-602012efbdea">
      <id>35</id>
      <classname>org.openmrs.ConceptClass</classname>
      <dateChanged id="10">2019-11-20 07:07:04</dateChanged>
      <retired>false</retired>
    </org.openmrs.module.metadatasharing.Item>
    <org.openmrs.module.metadatasharing.Item id="11" uuid="3f58bbcf-fb45-4925-9915-a82fcc3998d2">
      <id>36</id>
      <classname>org.openmrs.ConceptClass</classname>
      <dateChanged id="12">2019-11-20 07:06:15</dateChanged>
      <retired>false</retired>
    </org.openmrs.module.metadatasharing.Item>
    <org.openmrs.module.metadatasharing.Item id="13" uuid="55ed10fc-e3cf-41ab-b023-c4344daa6725">
      <id>37</id>
      <classname>org.openmrs.ConceptClass</classname>
      <dateChanged id="14">2019-11-20 07:05:11</dateChanged>
      <retired>false</retired>
    </org.openmrs.module.metadatasharing.Item>
    <org.openmrs.module.metadatasharing.Item id="15" uuid="fc3a2eb1-4526-4c75-a768-eb33c1d73aae">
      <id>38</id>
      <classname>org.openmrs.ConceptClass</classname>
      <dateChanged id="16">2019-11-27 06:44:34</dateChanged>
      <retired>false</retired>
    </org.openmrs.module.metadatasharing.Item>
    <org.openmrs.module.metadatasharing.Item id="17" uuid="a71efda8-3138-411f-a9a5-054592876b2f">
      <id>39</id>
      <classname>org.openmrs.ConceptClass</classname>
      <dateChanged id="18">2019-11-20 07:06:47</dateChanged>
      <retired>false</retired>
    </org.openmrs.module.metadatasharing.Item>
    <org.openmrs.module.metadatasharing.Item id="19" uuid="77191de5-7908-4892-b604-080f3dafa4f5">
      <id>40</id>
      <classname>org.openmrs.ConceptClass</classname>
      <dateChanged id="20">2019-11-20 07:05:31</dateChanged>
      <retired>false</retired>
    </org.openmrs.module.metadatasharing.Item>
    <org.openmrs.module.metadatasharing.Item id="21" uuid="7a1f9486-f8e7-47a1-b0df-24707607e1d6">
      <id>41</id>
      <classname>org.openmrs.ConceptClass</classname>
      <dateChanged id="22">2019-11-20 07:06:31</dateChanged>
      <retired>false</retired>
    </org.openmrs.module.metadatasharing.Item>
    <org.openmrs.module.metadatasharing.Item id="23" uuid="30c9edbc-1b3f-4f7c-a3e5-1009e5a28663">
      <id>42</id>
      <classname>org.openmrs.ConceptClass</classname>
      <dateChanged id="24">2019-11-20 07:07:24</dateChanged>
      <retired>false</retired>
    </org.openmrs.module.metadatasharing.Item>
  </items>
  <relatedItems class="linked-hash-set" id="25"/>
</package>
