<?xml version="1.0" encoding="UTF-8"?>
<list id="1">
  <org.openmrs.ConceptClass id="2" uuid="6e49b697-f6d5-4643-b44b-822e6171fbc7">
    <name>Obstetrics and Gynecology</name>
    <description>Concept class for Obstetrics and Gynecology orders</description>
    <creator/>
    <dateCreated id="3">2019-11-20 07:07:41</dateCreated>
    <retired>false</retired>
    <conceptClassId>34</conceptClassId>
  </org.openmrs.ConceptClass>
  <org.openmrs.ConceptClass id="4" uuid="f9ab011c-9a78-45ce-a235-a2514724acdc">
    <name>Ophtalmology</name>
    <description>Concept class for Ophtalmology Orders</description>
    <creator/>
    <dateCreated id="5">2019-11-27 07:03:29</dateCreated>
    <changedBy/>
    <dateChanged id="6">2019-11-27 07:03:43</dateChanged>
    <retired>false</retired>
    <conceptClassId>43</conceptClassId>
  </org.openmrs.ConceptClass>
  <org.openmrs.ConceptClass id="7" uuid="64bcd132-1f11-403a-bf69-602012efbdea">
    <name>Surgery</name>
    <description>Concept class for Surgery orders</description>
    <creator/>
    <dateCreated id="8">2019-11-20 07:07:04</dateCreated>
    <retired>false</retired>
    <conceptClassId>35</conceptClassId>
  </org.openmrs.ConceptClass>
  <org.openmrs.ConceptClass id="9" uuid="3f58bbcf-fb45-4925-9915-a82fcc3998d2">
    <name>Urology</name>
    <description>Concept class for Urology orders</description>
    <creator/>
    <dateCreated id="10">2019-11-20 07:06:15</dateCreated>
    <retired>false</retired>
    <conceptClassId>36</conceptClassId>
  </org.openmrs.ConceptClass>
  <org.openmrs.ConceptClass id="11" uuid="55ed10fc-e3cf-41ab-b023-c4344daa6725">
    <name>Wound Dressing</name>
    <description>Concept class for Wound Dressing orders</description>
    <creator/>
    <dateCreated id="12">2019-11-20 07:05:11</dateCreated>
    <retired>false</retired>
    <conceptClassId>37</conceptClassId>
  </org.openmrs.ConceptClass>
  <org.openmrs.ConceptClass id="13" uuid="fc3a2eb1-4526-4c75-a768-eb33c1d73aae">
    <name>Orthopedics and Traumatology</name>
    <description>Concept class for Orthopedics and Traumatology Orders</description>
    <creator/>
    <dateCreated id="14">2019-11-20 07:04:12</dateCreated>
    <changedBy/>
    <dateChanged id="15">2019-11-27 06:44:34</dateChanged>
    <retired>false</retired>
    <conceptClassId>38</conceptClassId>
  </org.openmrs.ConceptClass>
  <org.openmrs.ConceptClass id="16" uuid="a71efda8-3138-411f-a9a5-054592876b2f">
    <name>ENT</name>
    <description>Concept class for ENT orders</description>
    <creator/>
    <dateCreated id="17">2019-11-20 07:06:47</dateCreated>
    <retired>false</retired>
    <conceptClassId>39</conceptClassId>
  </org.openmrs.ConceptClass>
  <org.openmrs.ConceptClass id="18" uuid="77191de5-7908-4892-b604-080f3dafa4f5">
    <name>Material</name>
    <description>Concept class for Material orders</description>
    <creator/>
    <dateCreated id="19">2019-11-20 07:05:31</dateCreated>
    <retired>false</retired>
    <conceptClassId>40</conceptClassId>
  </org.openmrs.ConceptClass>
  <org.openmrs.ConceptClass id="20" uuid="7a1f9486-f8e7-47a1-b0df-24707607e1d6">
    <name>Wound</name>
    <description>Concept class for Wound orders</description>
    <creator/>
    <dateCreated id="21">2019-11-20 07:06:31</dateCreated>
    <retired>false</retired>
    <conceptClassId>41</conceptClassId>
  </org.openmrs.ConceptClass>
  <org.openmrs.ConceptClass id="22" uuid="30c9edbc-1b3f-4f7c-a3e5-1009e5a28663">
    <name>Maxillofacial</name>
    <description>Concept class for Maxillofacial orders</description>
    <creator/>
    <dateCreated id="23">2019-11-20 07:07:24</dateCreated>
    <retired>false</retired>
    <conceptClassId>42</conceptClassId>
  </org.openmrs.ConceptClass>
</list>
